JobName,BuildName,BuildId,BuildNum,BuildTimeStamp,BuildResult,BuildEstimateDuration,BuildDuration
Dev-AonA-OES-UI-Build,Dev-AonA-OES-UI-Build #50,50,50,1642588363271,SUCCESS,536704,767302
Dev-AonA-OES-UI-Build,Dev-AonA-OES-UI-Build #49,49,49,1642501827529,SUCCESS,536704,511517
Dev-AonA-OES-UI-Build,Dev-AonA-OES-UI-Build #48,48,48,1642491864664,ABORTED,536704,9858
Dev-AonA-OES-UI-Build,Dev-AonA-OES-UI-Build #47,47,47,1642479326843,SUCCESS,536704,331294
Dev-AonA-OES-UI-Build,Dev-AonA-OES-UI-Build #46,46,46,1642479271899,FAILURE,536704,25820
Dev-AonA-OES-UI-Build,Dev-AonA-OES-UI-Build #45,45,45,1642479113825,ABORTED,536704,142699
Dev-AonA-OES-UI-Build,Dev-AonA-OES-UI-Build #44,44,44,1642421752282,FAILURE,536704,3540
Dev-AonA-OES-UI-Build,Dev-AonA-OES-UI-Build #43,43,43,1642420687107,FAILURE,536704,698
Dev-AonA-OES-UI-Build,Dev-AonA-OES-UI-Build #42,42,42,1642415560607,FAILURE,536704,1285
Dev-AonA-OES-UI-Build,Dev-AonA-OES-UI-Build #41,41,41,1642156331919,SUCCESS,536704,259323
Dev-AonA-OES-UI-Build,Dev-AonA-OES-UI-Build #40,40,40,1642071793948,SUCCESS,536704,251069
Dev-AonA-OES-UI-Build,Dev-AonA-OES-UI-Build #39,39,39,1642069828126,SUCCESS,536704,309763
Dev-audit-client-build-branch,Dev-audit-client-build-branch #417,417,417,1642588658415,SUCCESS,118785,159572
Dev-audit-client-build-branch,Dev-audit-client-build-branch #416,416,416,1642588534746,SUCCESS,118785,69313
Dev-audit-client-build-branch,Dev-audit-client-build-branch #415,415,415,1642588405975,SUCCESS,118785,127469
Dev-audit-client-build-branch,Dev-audit-client-build-branch #414,414,414,1642587375759,SUCCESS,118785,45629
Dev-audit-client-build-branch,Dev-audit-client-build-branch #413,413,413,1642572175511,SUCCESS,118785,34449
Dev-audit-client-build-branch,Dev-audit-client-build-branch #412,412,412,1642571564927,SUCCESS,118785,33597
Dev-audit-client-build-branch,Dev-audit-client-build-branch #411,411,411,1642571358347,FAILURE,118785,6062
Dev-audit-client-build-branch,Dev-audit-client-build-branch #410,410,410,1642571194857,SUCCESS,118785,99125
Dev-audit-client-build-branch,Dev-audit-client-build-branch #409,409,409,1642571107108,SUCCESS,118785,34572
Dev-audit-client-build-branch,Dev-audit-client-build-branch #408,408,408,1642570970820,FAILURE,118785,4912
Dev-audit-client-build-branch,Dev-audit-client-build-branch #407,407,407,1642570731238,FAILURE,118785,6042
Dev-audit-client-build-branch,Dev-audit-client-build-branch #406,406,406,1642563952271,SUCCESS,118785,609035
Dev-audit-client-build-branch,Dev-audit-client-build-branch #405,405,405,1642562166864,SUCCESS,118785,1047865
Dev-audit-client-build-branch,Dev-audit-client-build-branch #404,404,404,1642501877571,SUCCESS,118785,124529
Dev-audit-client-build-branch,Dev-audit-client-build-branch #403,403,403,1642491465794,SUCCESS,118785,33810
Dev-audit-client-build-branch,Dev-audit-client-build-branch #402,402,402,1642490705746,SUCCESS,118785,118682
Dev-audit-client-build-branch,Dev-audit-client-build-branch #401,401,401,1642481370415,SUCCESS,118785,113679
Dev-audit-client-build-branch,Dev-audit-client-build-branch #400,400,400,1642477676321,SUCCESS,118785,111098
Dev-audit-client-build-branch,Dev-audit-client-build-branch #399,399,399,1642475765087,SUCCESS,118785,99279
Dev-audit-client-build-branch,Dev-audit-client-build-branch #398,398,398,1642397954879,SUCCESS,118785,56880
Dev-audit-client-build-branch,Dev-audit-client-build-branch #397,397,397,1642396349988,SUCCESS,118785,32102
Dev-audit-client-build-branch,Dev-audit-client-build-branch #396,396,396,1642391155759,SUCCESS,118785,615479
Dev-audit-client-build-branch,Dev-audit-client-build-branch #395,395,395,1642216548863,SUCCESS,118785,1006083
Dev-audit-client-build-branch,Dev-audit-client-build-branch #394,394,394,1642156371932,SUCCESS,118785,116797
Dev-audit-client-build-branch,Dev-audit-client-build-branch #393,393,393,1642131955872,SUCCESS,118785,125967
Dev-audit-client-build-branch,Dev-audit-client-build-branch #392,392,392,1642130155796,SUCCESS,118785,111085
Dev-audit-client-build-branch,Dev-audit-client-build-branch #391,391,391,1642077214133,SUCCESS,118785,34834
Dev-audit-client-build-branch,Dev-audit-client-build-branch #390,390,390,1642076847443,SUCCESS,118785,34712
Dev-audit-client-build-branch,Dev-audit-client-build-branch #389,389,389,1642071834109,SUCCESS,118785,565451
Dev-audit-client-build-branch,Dev-audit-client-build-branch #388,388,388,1642069868247,SUCCESS,118785,138629
Dev-audit-client-build-branch,Dev-audit-client-build-branch #387,387,387,1642067536585,SUCCESS,118785,172299
Dev-audit-client-build-branch,Dev-audit-client-build-branch #386,386,386,1642067391787,FAILURE,118785,101193
Dev-audit-client-build-branch,Dev-audit-client-build-branch #385,385,385,1642064045889,SUCCESS,118785,37257
Dev-audit-client-build-branch,Dev-audit-client-build-branch #384,384,384,1642061433739,SUCCESS,118785,36629
Dev-audit-client-build-branch,Dev-audit-client-build-branch #383,383,383,1642060277934,SUCCESS,118785,40765
Dev-audit-client-build-branch,Dev-audit-client-build-branch #382,382,382,1642055061667,SUCCESS,118785,674217
Dev-audit-service-jpa,Dev-audit-service-jpa #449,449,449,1642588608490,SUCCESS,29074,34291
Dev-audit-service-jpa,Dev-audit-service-jpa #448,448,448,1642588363717,SUCCESS,29074,38945
Dev-audit-service-jpa,Dev-audit-service-jpa #447,447,447,1642571298297,SUCCESS,29074,13986
Dev-audit-service-jpa,Dev-audit-service-jpa #446,446,446,1642570626765,SUCCESS,29074,9102
Dev-audit-service-jpa,Dev-audit-service-jpa #445,445,445,1642564707442,SUCCESS,29074,10064
Dev-audit-service-jpa,Dev-audit-service-jpa #444,444,444,1642563982442,SUCCESS,29074,47688
Dev-audit-service-jpa,Dev-audit-service-jpa #443,443,443,1642563912276,SUCCESS,29074,30585
Dev-audit-service-jpa,Dev-audit-service-jpa #442,442,442,1642562116747,SUCCESS,29074,10372
Dev-audit-service-jpa,Dev-audit-service-jpa #441,441,441,1642509807964,SUCCESS,29074,8309
Dev-audit-service-jpa,Dev-audit-service-jpa #440,440,440,1642509473198,SUCCESS,29074,34499
Dev-audit-service-jpa,Dev-audit-service-jpa #439,439,439,1642501827560,SUCCESS,29074,39298
Dev-audit-service-jpa,Dev-audit-service-jpa #438,438,438,1642481325397,SUCCESS,29074,30225
Dev-audit-service-jpa,Dev-audit-service-jpa #437,437,437,1642477657267,ABORTED,29074,42405
Dev-audit-service-jpa,Dev-audit-service-jpa #436,436,436,1642477510235,SUCCESS,29074,24149
Dev-audit-service-jpa,Dev-audit-service-jpa #435,435,435,1642475710146,SUCCESS,29074,37119
Dev-audit-service-jpa,Dev-audit-service-jpa #434,434,434,1642421752743,SUCCESS,29074,25424
Dev-audit-service-jpa,Dev-audit-service-jpa #433,433,433,1642420687163,ABORTED,29074,12345
Dev-audit-service-jpa,Dev-audit-service-jpa #432,432,432,1642415561051,ABORTED,29074,16147
Dev-audit-service-jpa,Dev-audit-service-jpa #431,431,431,1642391227291,SUCCESS,29074,34481
Dev-audit-service-jpa,Dev-audit-service-jpa #430,430,430,1642391108744,SUCCESS,29074,35899
Dev-audit-service-jpa,Dev-audit-service-jpa #429,429,429,1642216508838,SUCCESS,29074,23579
Dev-audit-service-jpa,Dev-audit-service-jpa #428,428,428,1642156331989,SUCCESS,29074,29178
Dev-audit-service-jpa,Dev-audit-service-jpa #427,427,427,1642132421129,SUCCESS,29074,10182
Dev-audit-service-jpa,Dev-audit-service-jpa #426,426,426,1642131966146,SUCCESS,29074,50673
Dev-audit-service-jpa,Dev-audit-service-jpa #425,425,425,1642131910851,SUCCESS,29074,29054
Dev-audit-service-jpa,Dev-audit-service-jpa #424,424,424,1642130110916,SUCCESS,29074,27401
Dev-audit-service-jpa,Dev-audit-service-jpa #423,423,423,1642076760794,SUCCESS,29074,8677
Dev-audit-service-jpa,Dev-audit-service-jpa #422,422,422,1642071793976,SUCCESS,29074,30946
Dev-audit-service-jpa,Dev-audit-service-jpa #421,421,421,1642069828355,SUCCESS,29074,25231
Dev-audit-service-jpa,Dev-audit-service-jpa #420,420,420,1642068533079,SUCCESS,29074,7916
Dev-audit-service-jpa,Dev-audit-service-jpa #419,419,419,1642067343508,SUCCESS,29074,8372
Dev-audit-service-jpa,Dev-audit-service-jpa #418,418,418,1642064017985,SUCCESS,29074,8287
Dev-audit-service-jpa,Dev-audit-service-jpa #417,417,417,1642061403972,SUCCESS,29074,8091
Dev-audit-service-jpa,Dev-audit-service-jpa #416,416,416,1642060228098,SUCCESS,29074,9892
Dev-audit-service-jpa,Dev-audit-service-jpa #415,415,415,1642055011707,SUCCESS,29074,35514
Dev-auditservice-build-branch,Dev-auditservice-build-branch #335,335,335,1642600667756,ABORTED,106500,48060
Dev-auditservice-build-branch,Dev-auditservice-build-branch #334,334,334,1642588653410,SUCCESS,106500,159380
Dev-auditservice-build-branch,Dev-auditservice-build-branch #333,333,333,1642588418303,SUCCESS,106500,116185
Dev-auditservice-build-branch,Dev-auditservice-build-branch #332,332,332,1642587253222,SUCCESS,106500,43936
Dev-auditservice-build-branch,Dev-auditservice-build-branch #331,331,331,1642586661221,SUCCESS,106500,45756
Dev-auditservice-build-branch,Dev-auditservice-build-branch #330,330,330,1642586395114,SUCCESS,106500,42650
Dev-auditservice-build-branch,Dev-auditservice-build-branch #329,329,329,1642571199872,SUCCESS,106500,102755
Dev-auditservice-build-branch,Dev-auditservice-build-branch #328,328,328,1642563952296,SUCCESS,106500,609930
Dev-auditservice-build-branch,Dev-auditservice-build-branch #327,327,327,1642562166912,SUCCESS,106500,1055323
Dev-auditservice-build-branch,Dev-auditservice-build-branch #326,326,326,1642501877597,SUCCESS,106500,124809
Dev-auditservice-build-branch,Dev-auditservice-build-branch #325,325,325,1642491075778,SUCCESS,106500,31268
Dev-auditservice-build-branch,Dev-auditservice-build-branch #324,324,324,1642490710768,SUCCESS,106500,107593
Dev-auditservice-build-branch,Dev-auditservice-build-branch #323,323,323,1642481370429,SUCCESS,106500,119078
Dev-auditservice-build-branch,Dev-auditservice-build-branch #322,322,322,1642477662336,SUCCESS,106500,114645
Dev-auditservice-build-branch,Dev-auditservice-build-branch #321,321,321,1642475765186,SUCCESS,106500,95652
Dev-auditservice-build-branch,Dev-auditservice-build-branch #320,320,320,1642421052255,SUCCESS,106500,34112
Dev-auditservice-build-branch,Dev-auditservice-build-branch #319,319,319,1642419517300,SUCCESS,106500,345642
Dev-auditservice-build-branch,Dev-auditservice-build-branch #318,318,318,1642414100543,FAILURE,106500,147876
Dev-auditservice-build-branch,Dev-auditservice-build-branch #317,317,317,1642391155770,SUCCESS,106500,621560
Dev-auditservice-build-branch,Dev-auditservice-build-branch #316,316,316,1642216548794,SUCCESS,106500,998997
Dev-auditservice-build-branch,Dev-auditservice-build-branch #315,315,315,1642156372364,SUCCESS,106500,108249
Dev-auditservice-build-branch,Dev-auditservice-build-branch #314,314,314,1642131955890,SUCCESS,106500,119207
Dev-auditservice-build-branch,Dev-auditservice-build-branch #313,313,313,1642130155754,SUCCESS,106500,110454
Dev-auditservice-build-branch,Dev-auditservice-build-branch #312,312,312,1642071833972,SUCCESS,106500,527032
Dev-auditservice-build-branch,Dev-auditservice-build-branch #311,311,311,1642069868156,SUCCESS,106500,136371
Dev-auditservice-build-branch,Dev-auditservice-build-branch #310,310,310,1642055061682,SUCCESS,106500,666564
Dev-autopilot-build-branch-ds-ms,Dev-autopilot-build-branch-ds-ms #390,390,390,1642588860011,SUCCESS,460159,276191
Dev-autopilot-build-branch-ds-ms,Dev-autopilot-build-branch-ds-ms #389,389,389,1642588363332,SUCCESS,460159,495162
Dev-autopilot-build-branch-ds-ms,Dev-autopilot-build-branch-ds-ms #388,388,388,1642563912266,SUCCESS,460159,609123
Dev-autopilot-build-branch-ds-ms,Dev-autopilot-build-branch-ds-ms #387,387,387,1642562119038,SUCCESS,460159,1074066
Dev-autopilot-build-branch-ds-ms,Dev-autopilot-build-branch-ds-ms #386,386,386,1642501827550,SUCCESS,460159,338719
Dev-autopilot-build-branch-ds-ms,Dev-autopilot-build-branch-ds-ms #385,385,385,1642481325420,SUCCESS,460159,332454
Dev-autopilot-build-branch-ds-ms,Dev-autopilot-build-branch-ds-ms #384,384,384,1642477510215,SUCCESS,460159,398162
Dev-autopilot-build-branch-ds-ms,Dev-autopilot-build-branch-ds-ms #383,383,383,1642475710339,SUCCESS,460159,327754
Dev-autopilot-build-branch-ds-ms,Dev-autopilot-build-branch-ds-ms #382,382,382,1642421752414,ABORTED,460159,24566
Dev-autopilot-build-branch-ds-ms,Dev-autopilot-build-branch-ds-ms #381,381,381,1642420687117,ABORTED,460159,11810
Dev-autopilot-build-branch-ds-ms,Dev-autopilot-build-branch-ds-ms #380,380,380,1642415560916,ABORTED,460159,16329
Dev-autopilot-build-branch-ds-ms,Dev-autopilot-build-branch-ds-ms #379,379,379,1642391108722,SUCCESS,460159,454597
Dev-autopilot-build-branch-ds-ms,Dev-autopilot-build-branch-ds-ms #378,378,378,1642216508848,SUCCESS,460159,1060864
Dev-autopilot-build-branch-ds-ms,Dev-autopilot-build-branch-ds-ms #377,377,377,1642156332008,SUCCESS,460159,316381
Dev-autopilot-build-branch-ds-ms,Dev-autopilot-build-branch-ds-ms #376,376,376,1642131910892,SUCCESS,460159,469397
Dev-autopilot-build-branch-ds-ms,Dev-autopilot-build-branch-ds-ms #375,375,375,1642130110906,SUCCESS,460159,751184
Dev-autopilot-build-branch-ds-ms,Dev-autopilot-build-branch-ds-ms #374,374,374,1642071794004,SUCCESS,460159,673786
Dev-autopilot-build-branch-ds-ms,Dev-autopilot-build-branch-ds-ms #373,373,373,1642069828218,ABORTED,460159,382781
Dev-autopilot-build-branch-ds-ms,Dev-autopilot-build-branch-ds-ms #372,372,372,1642055011808,SUCCESS,460159,436136
Dev-Autopilot-Sonar,Dev-Autopilot-Sonar #621,621,621,1642530600818,SUCCESS,203155,215240
Dev-Autopilot-Sonar,Dev-Autopilot-Sonar #620,620,620,1642444200817,SUCCESS,203155,190230
Dev-Autopilot-Sonar,Dev-Autopilot-Sonar #619,619,619,1642400756458,SUCCESS,203155,114272
Dev-Autopilot-Sonar,Dev-Autopilot-Sonar #618,618,618,1642398131245,FAILURE,203155,127697
Dev-Autopilot-Sonar,Dev-Autopilot-Sonar #617,617,617,1642357801090,FAILURE,203155,1923
Dev-Autopilot-Sonar,Dev-Autopilot-Sonar #616,616,616,1642271400964,FAILURE,203155,3628
Dev-Autopilot-Sonar,Dev-Autopilot-Sonar #615,615,615,1642185001235,FAILURE,203155,11980
Dev-Autopilot-Sonar,Dev-Autopilot-Sonar #614,614,614,1642098600817,SUCCESS,203155,213625
Dev-Autopilot-Sonar,Dev-Autopilot-Sonar #613,613,613,1642012200818,FAILURE,203155,20044
Dev-Autopilot_Test_PR_New,Dev-Autopilot_Test_PR_New #2017,2017,2017,1642606133286,SUCCESS,414662,612519
Dev-Autopilot_Test_PR_New,Dev-Autopilot_Test_PR_New #2016,2016,2016,1642489575666,SUCCESS,414662,219015
Dev-Autopilot_Test_PR_New,Dev-Autopilot_Test_PR_New #2015,2015,2015,1642428063726,SUCCESS,414662,412452
Dev-Autopilot_Test_PR_New,Dev-Autopilot_Test_PR_New #2014,2014,2014,1642390953656,SUCCESS,414662,343621
Dev-Autopilot_Test_PR_New,Dev-Autopilot_Test_PR_New #2013,2013,2013,1642062777082,SUCCESS,414662,229964
Dev-Azure-reports-generation,Dev-Azure-reports-generation #633,633,633,1642536240816,SUCCESS,8892,8274
Dev-Azure-reports-generation,Dev-Azure-reports-generation #632,632,632,1642449840816,SUCCESS,8892,9429
Dev-Azure-reports-generation,Dev-Azure-reports-generation #631,631,631,1642363440816,SUCCESS,8892,8799
Dev-Azure-reports-generation,Dev-Azure-reports-generation #630,630,630,1642104240816,SUCCESS,8892,8528
Dev-Azure-reports-generation,Dev-Azure-reports-generation #629,629,629,1642017840816,SUCCESS,8892,8524
Dev-build-analytics-master,Dev-build-analytics-master #514,514,514,1642563982384,SUCCESS,411024,549146
Dev-build-analytics-master,Dev-build-analytics-master #513,513,513,1642509473031,SUCCESS,411024,316901
Dev-build-analytics-master,Dev-build-analytics-master #512,512,512,1642477619638,ABORTED,411024,82688
Dev-build-analytics-master,Dev-build-analytics-master #511,511,511,1642391260935,ABORTED,411024,141644
Dev-build-analytics-master,Dev-build-analytics-master #510,510,510,1642132075386,SUCCESS,411024,367026
Dev-build-analytics-master,Dev-build-analytics-master #509,509,509,1642047070878,SUCCESS,411024,299011
Dev-build-auditclient-master,Dev-build-auditclient-master #162,162,162,1642574232793,SUCCESS,99471,51919
Dev-build-auditclient-master,Dev-build-auditclient-master #161,161,161,1642564438469,SUCCESS,99471,122845
Dev-build-auditclient-master,Dev-build-auditclient-master #160,160,160,1642509517951,SUCCESS,99471,123648
Dev-build-auditclient-master,Dev-build-auditclient-master #159,159,159,1642401249974,SUCCESS,99471,34247
Dev-build-auditclient-master,Dev-build-auditclient-master #158,158,158,1642391366913,ABORTED,99471,34634
Dev-build-auditclient-master,Dev-build-auditclient-master #157,157,157,1642132132747,SUCCESS,99471,149350
Dev-build-auditclient-master,Dev-build-auditclient-master #156,156,156,1642078989309,SUCCESS,99471,158533
Dev-build-auditclient-master,Dev-build-auditclient-master #155,155,155,1642068553080,SUCCESS,99471,168559
Dev-build-auditservice-master,Dev-build-auditservice-master #118,118,118,1642564727444,SUCCESS,33814,32801
Dev-build-auditservice-master,Dev-build-auditservice-master #117,117,117,1642509827966,SUCCESS,33814,37628
Dev-build-auditservice-master,Dev-build-auditservice-master #116,116,116,1642132441130,SUCCESS,33814,31012
Dev-build-commongate-branch,Dev-build-commongate-branch #748,748,748,1642588608469,SUCCESS,188009,237806
Dev-build-commongate-branch,Dev-build-commongate-branch #747,747,747,1642588363423,SUCCESS,188009,213049
Dev-build-commongate-branch,Dev-build-commongate-branch #746,746,746,1642571124800,SUCCESS,188009,113173
Dev-build-commongate-branch,Dev-build-commongate-branch #745,745,745,1642565202782,SUCCESS,188009,120666
Dev-build-commongate-branch,Dev-build-commongate-branch #744,744,744,1642563912321,SUCCESS,188009,675750
Dev-build-commongate-branch,Dev-build-commongate-branch #743,743,743,1642562115048,SUCCESS,188009,716218
Dev-build-commongate-branch,Dev-build-commongate-branch #742,742,742,1642509072773,SUCCESS,188009,96242
Dev-build-commongate-branch,Dev-build-commongate-branch #741,741,741,1642501827788,SUCCESS,188009,207290
Dev-build-commongate-branch,Dev-build-commongate-branch #740,740,740,1642495732140,SUCCESS,188009,118546
Dev-build-commongate-branch,Dev-build-commongate-branch #739,739,739,1642494757967,SUCCESS,188009,70118
Dev-build-commongate-branch,Dev-build-commongate-branch #738,738,738,1642494611779,SUCCESS,188009,72746
Dev-build-commongate-branch,Dev-build-commongate-branch #737,737,737,1642490490702,SUCCESS,188009,94653
Dev-build-commongate-branch,Dev-build-commongate-branch #736,736,736,1642489995682,SUCCESS,188009,70293
Dev-build-commongate-branch,Dev-build-commongate-branch #735,735,735,1642481325363,SUCCESS,188009,239985
Dev-build-commongate-branch,Dev-build-commongate-branch #734,734,734,1642477510205,SUCCESS,188009,279927
Dev-build-commongate-branch,Dev-build-commongate-branch #733,733,733,1642475710115,SUCCESS,188009,328441
Dev-build-commongate-branch,Dev-build-commongate-branch #732,732,732,1642421752319,ABORTED,188009,26379
Dev-build-commongate-branch,Dev-build-commongate-branch #731,731,731,1642420687174,ABORTED,188009,12887
Dev-build-commongate-branch,Dev-build-commongate-branch #730,730,730,1642415560843,ABORTED,188009,13909
Dev-build-commongate-branch,Dev-build-commongate-branch #729,729,729,1642391108711,SUCCESS,188009,225876
Dev-build-commongate-branch,Dev-build-commongate-branch #728,728,728,1642216508828,SUCCESS,188009,769139
Dev-build-commongate-branch,Dev-build-commongate-branch #727,727,727,1642156331999,SUCCESS,188009,177087
Dev-build-commongate-branch,Dev-build-commongate-branch #726,726,726,1642131910903,SUCCESS,188009,221733
Dev-build-commongate-branch,Dev-build-commongate-branch #725,725,725,1642130110796,SUCCESS,188009,669428
Dev-build-commongate-branch,Dev-build-commongate-branch #724,724,724,1642071793957,SUCCESS,188009,586355
Dev-build-commongate-branch,Dev-build-commongate-branch #723,723,723,1642069828315,ABORTED,188009,384656
Dev-build-commongate-branch,Dev-build-commongate-branch #722,722,722,1642061761942,SUCCESS,188009,71031
Dev-build-commongate-branch,Dev-build-commongate-branch #721,721,721,1642055011798,SUCCESS,188009,566554
Dev-build-commongate-master,Dev-build-commongate-master #152,152,152,1642564030214,SUCCESS,282566,558277
Dev-build-commongate-master,Dev-build-commongate-master #151,151,151,1642509473122,SUCCESS,282566,192735
Dev-build-commongate-master,Dev-build-commongate-master #150,150,150,1642509087931,SUCCESS,282566,96685
Dev-build-commongate-master,Dev-build-commongate-master #149,149,149,1642477565688,ABORTED,282566,135933
Dev-build-commongate-master,Dev-build-commongate-master #148,148,148,1642391261866,SUCCESS,282566,74198
Dev-build-commongate-master,Dev-build-commongate-master #147,147,147,1642132019487,SUCCESS,282566,233809
Dev-build-dashboard-master,Dev-build-dashboard-master #285,285,285,1642564098388,SUCCESS,218315,329993
Dev-build-dashboard-master,Dev-build-dashboard-master #284,284,284,1642509473145,SUCCESS,218315,140591
Dev-build-dashboard-master,Dev-build-dashboard-master #283,283,283,1642477565343,ABORTED,218315,131930
Dev-build-dashboard-master,Dev-build-dashboard-master #282,282,282,1642391334811,ABORTED,218315,64815
Dev-build-dashboard-master,Dev-build-dashboard-master #281,281,281,1642132075261,SUCCESS,218315,184361
Dev-build-dashboard-master,Dev-build-dashboard-master #280,280,280,1642053011541,SUCCESS,218315,44275
Dev-build-datascience-master,Dev-build-datascience-master #200,200,200,1642564050631,SUCCESS,45548,47643
Dev-build-datascience-master,Dev-build-datascience-master #199,199,199,1642509473209,SUCCESS,45548,35246
Dev-build-datascience-master,Dev-build-datascience-master #198,198,198,1642477565738,SUCCESS,45548,53755
Dev-build-datascience-master,Dev-build-datascience-master #197,197,197,1642391192750,SUCCESS,45548,34436
Dev-build-datascience-master,Dev-build-datascience-master #196,196,196,1642131966067,SUCCESS,45548,53214
Dev-build-datascience-master,Dev-build-datascience-master #195,195,195,1642047070963,SUCCESS,45548,369756
Dev-build-oes-api-master,Dev-build-oes-api-master #403,403,403,1642582333047,SUCCESS,50484,51881
Dev-build-oes-api-master,Dev-build-oes-api-master #402,402,402,1642572250514,SUCCESS,50484,42104
Dev-build-oes-api-master,Dev-build-oes-api-master #401,401,401,1642572190512,SUCCESS,50484,57468
Dev-build-oes-api-master,Dev-build-oes-api-master #400,400,400,1642563982340,SUCCESS,50484,502960
Dev-build-oes-api-master,Dev-build-oes-api-master #399,399,399,1642509472941,SUCCESS,50484,194751
Dev-build-oes-api-master,Dev-build-oes-api-master #398,398,398,1642477565306,ABORTED,50484,136557
Dev-build-oes-api-master,Dev-build-oes-api-master #397,397,397,1642391163699,ABORTED,50484,236962
Dev-build-oes-api-master,Dev-build-oes-api-master #396,396,396,1642131971050,SUCCESS,50484,322147
Dev-build-oes-api-master,Dev-build-oes-api-master #395,395,395,1642083309455,SUCCESS,50484,86536
Dev-build-oes-api-master,Dev-build-oes-api-master #394,394,394,1642047190882,SUCCESS,50484,152359
Dev-build-platform-master,Dev-build-platform-master #540,540,540,1642609028690,SUCCESS,98035,95327
Dev-build-platform-master,Dev-build-platform-master #539,539,539,1642608248665,SUCCESS,98035,96912
Dev-build-platform-master,Dev-build-platform-master #538,538,538,1642577232890,SUCCESS,98035,101866
Dev-build-platform-master,Dev-build-platform-master #537,537,537,1642563982455,SUCCESS,98035,497164
Dev-build-platform-master,Dev-build-platform-master #536,536,536,1642563372210,SUCCESS,98035,101776
Dev-build-platform-master,Dev-build-platform-master #535,535,535,1642509473134,SUCCESS,98035,216510
Dev-build-platform-master,Dev-build-platform-master #534,534,534,1642509216174,SUCCESS,98035,111023
Dev-build-platform-master,Dev-build-platform-master #533,533,533,1642477565652,FAILURE,98035,106004
Dev-build-platform-master,Dev-build-platform-master #532,532,532,1642434308932,SUCCESS,98035,98225
Dev-build-platform-master,Dev-build-platform-master #531,531,531,1642391298139,FAILURE,98035,68159
Dev-build-platform-master,Dev-build-platform-master #530,530,530,1642131966157,SUCCESS,98035,370199
Dev-build-platform-master,Dev-build-platform-master #529,529,529,1642083249453,SUCCESS,98035,198620
Dev-build-platform-master,Dev-build-platform-master #528,528,528,1642067052127,FAILURE,98035,128823
Dev-build-platform-master,Dev-build-platform-master #527,527,527,1642058471824,FAILURE,98035,13044
Dev-build-visibility-master,Dev-build-visibility-master #323,323,323,1642564055087,SUCCESS,205506,390113
Dev-build-visibility-master,Dev-build-visibility-master #322,322,322,1642509473020,SUCCESS,205506,168210
Dev-build-visibility-master,Dev-build-visibility-master #321,321,321,1642509192917,SUCCESS,205506,58196
Dev-build-visibility-master,Dev-build-visibility-master #320,320,320,1642477576579,ABORTED,205506,121347
Dev-build-visibility-master,Dev-build-visibility-master #319,319,319,1642391164718,ABORTED,205506,235056
Dev-build-visibility-master,Dev-build-visibility-master #318,318,318,1642132016951,SUCCESS,205506,214122
Dev-config-data-bkp,Dev-config-data-bkp #95,95,95,1642530601013,SUCCESS,1961858,1853488
Dev-config-data-bkp,Dev-config-data-bkp #94,94,94,1642444200829,SUCCESS,1961858,1724993
Dev-config-data-bkp,Dev-config-data-bkp #93,93,93,1642357801297,SUCCESS,1961858,1793002
Dev-config-data-bkp,Dev-config-data-bkp #92,92,92,1642098600935,SUCCESS,1961858,1726873
Dev-config-data-bkp,Dev-config-data-bkp #91,91,91,1642012200932,SUCCESS,1961858,1662106
Dev-custom-stop-cluster,Dev-custom-stop-cluster #46,46,46,1642530660875,SUCCESS,813998,816598
Dev-custom-stop-cluster,Dev-custom-stop-cluster #45,45,45,1642444260877,SUCCESS,813998,817749
Dev-custom-stop-cluster,Dev-custom-stop-cluster #44,44,44,1642357860830,SUCCESS,813998,792392
Dev-custom-stop-cluster,Dev-custom-stop-cluster #43,43,43,1642098660878,SUCCESS,813998,789433
Dev-dashboardservice-build-branch,Dev-dashboardservice-build-branch #1589,1589,1589,1642588363323,SUCCESS,80953,148929
Dev-dashboardservice-build-branch,Dev-dashboardservice-build-branch #1588,1588,1588,1642580662334,SUCCESS,80953,41238
Dev-dashboardservice-build-branch,Dev-dashboardservice-build-branch #1587,1587,1587,1642579606324,FAILURE,80953,14474
Dev-dashboardservice-build-branch,Dev-dashboardservice-build-branch #1586,1586,1586,1642565287301,SUCCESS,80953,52691
Dev-dashboardservice-build-branch,Dev-dashboardservice-build-branch #1585,1585,1585,1642565171023,FAILURE,80953,26651
Dev-dashboardservice-build-branch,Dev-dashboardservice-build-branch #1584,1584,1584,1642510159205,FAILURE,80953,16354
Dev-dashboardservice-build-branch,Dev-dashboardservice-build-branch #1583,1583,1583,1642501827540,SUCCESS,80953,165686
Dev-dashboardservice-build-branch,Dev-dashboardservice-build-branch #1582,1582,1582,1642496583412,SUCCESS,80953,40684
Dev-dashboardservice-build-branch,Dev-dashboardservice-build-branch #1581,1581,1581,1642496036458,SUCCESS,80953,41847
Dev-dashboardservice-build-branch,Dev-dashboardservice-build-branch #1580,1580,1580,1642495752641,FAILURE,80953,31780
Dev-dashboardservice-build-branch,Dev-dashboardservice-build-branch #1579,1579,1579,1642421752661,ABORTED,80953,25130
Dev-dashboardservice-build-branch,Dev-dashboardservice-build-branch #1578,1578,1578,1642420687141,ABORTED,80953,12302
Dev-dashboardservice-build-branch,Dev-dashboardservice-build-branch #1577,1577,1577,1642415561040,ABORTED,80953,14933
Dev-dashboardservice-build-branch,Dev-dashboardservice-build-branch #1576,1576,1576,1642156331931,SUCCESS,80953,155916
Dev-dashboardservice-build-branch,Dev-dashboardservice-build-branch #1575,1575,1575,1642071793985,SUCCESS,80953,143208
Dev-dashboardservice-build-branch,Dev-dashboardservice-build-branch #1574,1574,1574,1642069828325,SUCCESS,80953,166844
Dev-dashboardservice-build-branch-vault,Dev-dashboardservice-build-branch-vault #500,500,500,1642588608406,SUCCESS,154133,218655
Dev-dashboardservice-build-branch-vault,Dev-dashboardservice-build-branch-vault #499,499,499,1642571144819,SUCCESS,154133,105584
Dev-dashboardservice-build-branch-vault,Dev-dashboardservice-build-branch-vault #498,498,498,1642563912332,SUCCESS,154133,138161
Dev-dashboardservice-build-branch-vault,Dev-dashboardservice-build-branch-vault #497,497,497,1642562118749,SUCCESS,154133,1060817
Dev-dashboardservice-build-branch-vault,Dev-dashboardservice-build-branch-vault #496,496,496,1642490653939,SUCCESS,154133,117933
Dev-dashboardservice-build-branch-vault,Dev-dashboardservice-build-branch-vault #495,495,495,1642489355655,SUCCESS,154133,44244
Dev-dashboardservice-build-branch-vault,Dev-dashboardservice-build-branch-vault #494,494,494,1642481325441,SUCCESS,154133,165764
Dev-dashboardservice-build-branch-vault,Dev-dashboardservice-build-branch-vault #493,493,493,1642477510225,SUCCESS,154133,144731
Dev-dashboardservice-build-branch-vault,Dev-dashboardservice-build-branch-vault #492,492,492,1642475710156,SUCCESS,154133,119779
Dev-dashboardservice-build-branch-vault,Dev-dashboardservice-build-branch-vault #491,491,491,1642418906056,SUCCESS,154133,41938
Dev-dashboardservice-build-branch-vault,Dev-dashboardservice-build-branch-vault #490,490,490,1642414465558,SUCCESS,154133,178930
Dev-dashboardservice-build-branch-vault,Dev-dashboardservice-build-branch-vault #489,489,489,1642391108755,SUCCESS,154133,152056
Dev-dashboardservice-build-branch-vault,Dev-dashboardservice-build-branch-vault #488,488,488,1642216508817,SUCCESS,154133,991058
Dev-dashboardservice-build-branch-vault,Dev-dashboardservice-build-branch-vault #487,487,487,1642131910819,SUCCESS,154133,149768
Dev-dashboardservice-build-branch-vault,Dev-dashboardservice-build-branch-vault #486,486,486,1642130110851,SUCCESS,154133,752726
Dev-dashboardservice-build-branch-vault,Dev-dashboardservice-build-branch-vault #485,485,485,1642070803200,SUCCESS,154133,232568
Dev-dashboardservice-build-branch-vault,Dev-dashboardservice-build-branch-vault #484,484,484,1642068313071,SUCCESS,154133,168791
Dev-dashboardservice-build-branch-vault,Dev-dashboardservice-build-branch-vault #483,483,483,1642055011749,SUCCESS,154133,126316
Dev-DATASCIENCE_TEST_PR,Dev-DATASCIENCE_TEST_PR #237,237,237,1642606133380,SUCCESS,383382,690890
Dev-DATASCIENCE_TEST_PR,Dev-DATASCIENCE_TEST_PR #236,236,236,1642489575684,SUCCESS,383382,40851
Dev-DATASCIENCE_TEST_PR,Dev-DATASCIENCE_TEST_PR #235,235,235,1642428063715,SUCCESS,383382,418404
Dev-DATASCIENCE_TEST_PR,Dev-DATASCIENCE_TEST_PR #234,234,234,1642390958658,SUCCESS,383382,53181
Dev-DATASCIENCE_TEST_PR,Dev-DATASCIENCE_TEST_PR #233,233,233,1642062776985,SUCCESS,383382,36991
Dev-deallocate-albertson,Dev-deallocate-albertson #208,208,208,1642588200817,FAILURE,33719,33680
Dev-deallocate-albertson,Dev-deallocate-albertson #207,207,207,1642501800817,FAILURE,33719,34120
Dev-deallocate-albertson,Dev-deallocate-albertson #206,206,206,1642415400817,FAILURE,33719,33643
Dev-deallocate-albertson,Dev-deallocate-albertson #205,205,205,1642329000903,FAILURE,33719,32848
Dev-deallocate-albertson,Dev-deallocate-albertson #204,204,204,1642242601402,FAILURE,33719,33104
Dev-deallocate-albertson,Dev-deallocate-albertson #203,203,203,1642156201039,FAILURE,33719,33413
Dev-deallocate-albertson,Dev-deallocate-albertson #202,202,202,1642069800817,FAILURE,33719,33680
Dev-Delete-Evicted-pods,Dev-Delete-Evicted-pods #1438,1438,1438,1642610160817,SUCCESS,190786,176477
Dev-Delete-Evicted-pods,Dev-Delete-Evicted-pods #1437,1437,1437,1642602960817,SUCCESS,190786,177889
Dev-Delete-Evicted-pods,Dev-Delete-Evicted-pods #1436,1436,1436,1642595760817,SUCCESS,190786,175736
Dev-Delete-Evicted-pods,Dev-Delete-Evicted-pods #1435,1435,1435,1642588560829,SUCCESS,190786,200299
Dev-Delete-Evicted-pods,Dev-Delete-Evicted-pods #1434,1434,1434,1642581360816,SUCCESS,190786,179464
Dev-dora-build-push-scm,Dev-dora-build-push-scm #17,17,17,1642490614684,SUCCESS,21293,24095
Dev-dora-build-push-scm,Dev-dora-build-push-scm #16,16,16,1642482985204,SUCCESS,21293,16811
Dev-dora-build-push-scm,Dev-dora-build-push-scm #15,15,15,1642482664141,SUCCESS,21293,22973
Dev-dora-build-push-scm,Dev-dora-build-push-scm #14,14,14,1642482343916,SUCCESS,21293,17913
Dev-dora-build-push-scm,Dev-dora-build-push-scm #13,13,13,1642482211459,SUCCESS,21293,19723
Dev-dora-build-push-scm,Dev-dora-build-push-scm #12,12,12,1642482086740,SUCCESS,21293,21414
Dev-dora-build-push-scm,Dev-dora-build-push-scm #11,11,11,1642481498435,SUCCESS,21293,114818
Dev-dora-build-push-scm,Dev-dora-build-push-scm #10,10,10,1642402262425,SUCCESS,21293,17395
Dev-dora-build-push-scm,Dev-dora-build-push-scm #9,9,9,1642401062716,SUCCESS,21293,17157
Dev-dora-build-push-scm,Dev-dora-build-push-scm #8,8,8,1642401040408,ABORTED,21293,12516
Dev-ds-build-branch-ds-ms,Dev-ds-build-branch-ds-ms #405,405,405,1642588608534,SUCCESS,35124,49169
Dev-ds-build-branch-ds-ms,Dev-ds-build-branch-ds-ms #404,404,404,1642588363619,SUCCESS,35124,30780
Dev-ds-build-branch-ds-ms,Dev-ds-build-branch-ds-ms #403,403,403,1642571185910,SUCCESS,35124,25423
Dev-ds-build-branch-ds-ms,Dev-ds-build-branch-ds-ms #402,402,402,1642563912253,SUCCESS,35124,34270
Dev-ds-build-branch-ds-ms,Dev-ds-build-branch-ds-ms #401,401,401,1642562119306,SUCCESS,35124,774886
Dev-ds-build-branch-ds-ms,Dev-ds-build-branch-ds-ms #400,400,400,1642501827841,SUCCESS,35124,30104
Dev-ds-build-branch-ds-ms,Dev-ds-build-branch-ds-ms #399,399,399,1642490695411,SUCCESS,35124,30288
Dev-ds-build-branch-ds-ms,Dev-ds-build-branch-ds-ms #398,398,398,1642481325387,SUCCESS,35124,31389
Dev-ds-build-branch-ds-ms,Dev-ds-build-branch-ds-ms #397,397,397,1642477510185,SUCCESS,35124,66227
Dev-ds-build-branch-ds-ms,Dev-ds-build-branch-ds-ms #396,396,396,1642475710105,SUCCESS,35124,29777
Dev-ds-build-branch-ds-ms,Dev-ds-build-branch-ds-ms #395,395,395,1642421752756,ABORTED,35124,24768
Dev-ds-build-branch-ds-ms,Dev-ds-build-branch-ds-ms #394,394,394,1642420687184,ABORTED,35124,12073
Dev-ds-build-branch-ds-ms,Dev-ds-build-branch-ds-ms #393,393,393,1642415560704,ABORTED,35124,15348
Dev-ds-build-branch-ds-ms,Dev-ds-build-branch-ds-ms #392,392,392,1642391108695,SUCCESS,35124,32704
Dev-ds-build-branch-ds-ms,Dev-ds-build-branch-ds-ms #391,391,391,1642216508859,SUCCESS,35124,719940
Dev-ds-build-branch-ds-ms,Dev-ds-build-branch-ds-ms #390,390,390,1642156332094,SUCCESS,35124,30651
Dev-ds-build-branch-ds-ms,Dev-ds-build-branch-ds-ms #389,389,389,1642131910841,SUCCESS,35124,30176
Dev-ds-build-branch-ds-ms,Dev-ds-build-branch-ds-ms #388,388,388,1642130110817,SUCCESS,35124,671060
Dev-ds-build-branch-ds-ms,Dev-ds-build-branch-ds-ms #387,387,387,1642071794024,SUCCESS,35124,31902
Dev-ds-build-branch-ds-ms,Dev-ds-build-branch-ds-ms #386,386,386,1642071245940,SUCCESS,35124,308834
Dev-ds-build-branch-ds-ms,Dev-ds-build-branch-ds-ms #385,385,385,1642069828229,FAILURE,35124,364288
Dev-ds-build-branch-ds-ms,Dev-ds-build-branch-ds-ms #384,384,384,1642055011818,SUCCESS,35124,34922
Dev-echo-image-build,Dev-echo-image-build #6,6,6,1642512823340,SUCCESS,196559,231300
Dev-echo-image-build,Dev-echo-image-build #5,5,5,1642508686152,FAILURE,196559,28729
Dev-GCP-GKE-Replicated-ScaleUpAndScaleDown,Dev-GCP-GKE-Replicated-ScaleUpAndScaleDown #3,3,3,1642416383703,SUCCESS,34972,52528
Dev-GCP-GKE-Replicated-ScaleUpAndScaleDown,Dev-GCP-GKE-Replicated-ScaleUpAndScaleDown #2,2,2,1642301777082,SUCCESS,34972,51851
Dev-GCP-GKE-Replicated-ScaleUpAndScaleDown,Dev-GCP-GKE-Replicated-ScaleUpAndScaleDown #1,1,1,1642301732025,FAILURE,34972,538
Dev-gcp-scale-down,Dev-gcp-scale-down #83,83,83,1642606260817,SUCCESS,1136522,1141861
Dev-gcp-scale-down,Dev-gcp-scale-down #82,82,82,1642519860816,SUCCESS,1136522,1137255
Dev-gcp-scale-down,Dev-gcp-scale-down #81,81,81,1642433460816,SUCCESS,1136522,1130450
Dev-gcp-scale-down,Dev-gcp-scale-down #80,80,80,1642301104935,SUCCESS,1136522,5150
Dev-gcp-scale-down,Dev-gcp-scale-down #79,79,79,1642174260817,SUCCESS,1136522,1124616
Dev-gcp-scale-up,Dev-gcp-scale-up #226,226,226,1642559520816,SUCCESS,342357,331044
Dev-gcp-scale-up,Dev-gcp-scale-up #225,225,225,1642473120817,SUCCESS,342357,330363
Dev-gcp-scale-up,Dev-gcp-scale-up #224,224,224,1642386720816,SUCCESS,342357,413363
Dev-gcp-scale-up,Dev-gcp-scale-up #223,223,223,1642301016636,ABORTED,342357,74658
Dev-Git-Restapp,Dev-Git-Restapp #9,9,9,1642066317098,SUCCESS,38841,38802
Dev-Git-Restapp,Dev-Git-Restapp #8,8,8,1642065667073,SUCCESS,38841,39784
Dev-Git-Restapp,Dev-Git-Restapp #7,7,7,1642059861865,SUCCESS,38841,37936
Dev-Git-Restapp,Dev-Git-Restapp #6,6,6,1642059456851,SUCCESS,38841,37306
Dev-Git-Restapp,Dev-Git-Restapp #5,5,5,1642059126841,SUCCESS,38841,55485
Dev-Git-Restapp,Dev-Git-Restapp #4,4,4,1642051306496,SUCCESS,38841,48242
Dev-Graphiant-SaaS-Spinnaker-ISD-Backup,Dev-Graphiant-SaaS-Spinnaker-ISD-Backup #11,11,11,1642566600907,SUCCESS,128003,70757
Dev-Graphiant-SaaS-Spinnaker-ISD-Backup,Dev-Graphiant-SaaS-Spinnaker-ISD-Backup #10,10,10,1642480200817,SUCCESS,128003,261583
Dev-Graphiant-SaaS-Spinnaker-ISD-Backup,Dev-Graphiant-SaaS-Spinnaker-ISD-Backup #9,9,9,1642393800817,SUCCESS,128003,51669
Dev-Graphiant-SaaS-Spinnaker-ISD-Backup,Dev-Graphiant-SaaS-Spinnaker-ISD-Backup #8,8,8,1642307401100,SUCCESS,128003,764217
Dev-Graphiant-SaaS-Spinnaker-ISD-Backup,Dev-Graphiant-SaaS-Spinnaker-ISD-Backup #7,7,7,1642221001139,SUCCESS,128003,2137127
Dev-Graphiant-SaaS-Spinnaker-ISD-Backup,Dev-Graphiant-SaaS-Spinnaker-ISD-Backup #6,6,6,1642134601298,SUCCESS,128003,52202
Dev-Graphiant-SaaS-Spinnaker-ISD-Backup,Dev-Graphiant-SaaS-Spinnaker-ISD-Backup #5,5,5,1642086469262,SUCCESS,128003,139756
Dev-Graphiant-SaaS-Spinnaker-ISD-Backup,Dev-Graphiant-SaaS-Spinnaker-ISD-Backup #4,4,4,1642086129646,FAILURE,128003,65424
Dev-Graphiant-SaaS-Spinnaker-ISD-Backup,Dev-Graphiant-SaaS-Spinnaker-ISD-Backup #3,3,3,1642030200817,FAILURE,128003,223266
Dev-ibm-AonA-Stop,Dev-ibm-AonA-Stop #244,244,244,1642586400820,FAILURE,4206,8267
Dev-ibm-AonA-Stop,Dev-ibm-AonA-Stop #243,243,243,1642500000817,FAILURE,4206,1360
Dev-ibm-AonA-Stop,Dev-ibm-AonA-Stop #242,242,242,1642413600817,FAILURE,4206,1092
Dev-ibm-AonA-Stop,Dev-ibm-AonA-Stop #241,241,241,1642154401133,FAILURE,4206,1345
Dev-ibm-AonA-Stop,Dev-ibm-AonA-Stop #240,240,240,1642068000817,FAILURE,4206,13480
Dev-ibm-staging-stop,Dev-ibm-staging-stop #260,260,260,1642582800817,FAILURE,1898,1516
Dev-ibm-staging-stop,Dev-ibm-staging-stop #259,259,259,1642496400817,FAILURE,1898,1171
Dev-ibm-staging-stop,Dev-ibm-staging-stop #258,258,258,1642410000818,FAILURE,1898,1594
Dev-ibm-staging-stop,Dev-ibm-staging-stop #257,257,257,1642150801075,FAILURE,1898,1258
Dev-ibm-staging-stop,Dev-ibm-staging-stop #256,256,256,1642064400817,FAILURE,1898,1294
Dev-ibm-target-start,Dev-ibm-target-start #249,249,249,1642543201069,FAILURE,2208,2095
Dev-ibm-target-start,Dev-ibm-target-start #248,248,248,1642456800831,FAILURE,2208,1667
Dev-ibm-target-start,Dev-ibm-target-start #247,247,247,1642370400833,FAILURE,2208,1463
Dev-ibm-target-start,Dev-ibm-target-start #246,246,246,1642111200817,FAILURE,2208,1294
Dev-ibm-target-start,Dev-ibm-target-start #245,245,245,1642024800818,FAILURE,2208,2645
Dev-ibm-target-stop,Dev-ibm-target-stop #249,249,249,1642590000816,FAILURE,2159,1636
Dev-ibm-target-stop,Dev-ibm-target-stop #248,248,248,1642503600816,FAILURE,2159,1499
Dev-ibm-target-stop,Dev-ibm-target-stop #247,247,247,1642417200816,FAILURE,2159,1077
Dev-ibm-target-stop,Dev-ibm-target-stop #246,246,246,1642158000992,FAILURE,2159,1022
Dev-ibm-target-stop,Dev-ibm-target-stop #245,245,245,1642071600817,FAILURE,2159,1038
Dev-issuegen-sonarqube,Dev-issuegen-sonarqube #35,35,35,1642579712968,SUCCESS,18354,25575
Dev-issuegen-sonarqube,Dev-issuegen-sonarqube #34,34,34,1642441084791,SUCCESS,18354,14540
Dev-issuegen-sonarqube,Dev-issuegen-sonarqube #33,33,33,1642428713737,SUCCESS,18354,14948
Dev-issuegen-sonarqube,Dev-issuegen-sonarqube #32,32,32,1642428288722,SUCCESS,18354,41101
Dev-issuegen-sonarqube,Dev-issuegen-sonarqube #31,31,31,1642426743676,SUCCESS,18354,14056
Dev-issuegen-sonarqube,Dev-issuegen-sonarqube #30,30,30,1642426702100,SUCCESS,18354,14217
Dev-issuegen-sonarqube,Dev-issuegen-sonarqube #29,29,29,1642426560382,SUCCESS,18354,20018
Dev-issuegen-sonarqube,Dev-issuegen-sonarqube #28,28,28,1642426491711,SUCCESS,18354,14471
Dev-issuegen-sonarqube,Dev-issuegen-sonarqube #27,27,27,1642426064396,FAILURE,18354,1197
Dev-issuegen-sonarqube,Dev-issuegen-sonarqube #26,26,26,1642425968653,FAILURE,18354,1630
Dev-issuegen-sonarqube,Dev-issuegen-sonarqube #25,25,25,1642424952399,SUCCESS,18354,22438
Dev-issuegen-sonarqube,Dev-issuegen-sonarqube #24,24,24,1642424925941,FAILURE,18354,1178
Dev-issuegen-sonarqube,Dev-issuegen-sonarqube #23,23,23,1642424855662,FAILURE,18354,1223
Dev-issuegen-sonarqube,Dev-issuegen-sonarqube #22,22,22,1642424822923,FAILURE,18354,1439
Dev-issuegen-sonarqube,Dev-issuegen-sonarqube #21,21,21,1642424808279,FAILURE,18354,1247
Dev-issuegen-sonarqube,Dev-issuegen-sonarqube #20,20,20,1642424574168,FAILURE,18354,1222
Dev-issuegen-sonarqube,Dev-issuegen-sonarqube #19,19,19,1642424274033,FAILURE,18354,1379
Dev-issuegen-sonarqube,Dev-issuegen-sonarqube #18,18,18,1642424220865,FAILURE,18354,1355
Dev-issuegen-sonarqube,Dev-issuegen-sonarqube #17,17,17,1642423913957,FAILURE,18354,1153
Dev-issuegen-sonarqube,Dev-issuegen-sonarqube #16,16,16,1642423834124,FAILURE,18354,1600
Dev-Jenkins-success-failure-stats,Dev-Jenkins-success-failure-stats #182,182,182,1642530601207,SUCCESS,95911,101397
Dev-Jenkins-success-failure-stats,Dev-Jenkins-success-failure-stats #181,181,181,1642444200840,SUCCESS,95911,97847
Dev-Jenkins-success-failure-stats,Dev-Jenkins-success-failure-stats #180,180,180,1642357801541,SUCCESS,95911,41644
Dev-Jenkins-success-failure-stats,Dev-Jenkins-success-failure-stats #179,179,179,1642271400951,SUCCESS,95911,40309
Dev-Jenkins-success-failure-stats,Dev-Jenkins-success-failure-stats #178,178,178,1642185001197,SUCCESS,95911,40127
Dev-Jenkins-success-failure-stats,Dev-Jenkins-success-failure-stats #177,177,177,1642098601145,SUCCESS,95911,98737
Dev-Jenkins-success-failure-stats,Dev-Jenkins-success-failure-stats #176,176,176,1642012201259,SUCCESS,95911,41737
Dev-JenkinsDiskClean,Dev-JenkinsDiskClean #83,83,83,1642597200817,SUCCESS,125542,184028
Dev-JenkinsDiskClean,Dev-JenkinsDiskClean #82,82,82,1642510800816,SUCCESS,125542,131397
Dev-JenkinsDiskClean,Dev-JenkinsDiskClean #81,81,81,1642165200817,SUCCESS,125542,61201
Dev-JenkinsDiskClean,Dev-JenkinsDiskClean #80,80,80,1642078800817,SUCCESS,125542,50671
Dev-michael-autopilot-build-branch,Dev-michael-autopilot-build-branch #290,290,290,1642612203785,SUCCESS,115186,279929
Dev-michael-autopilot-build-branch,Dev-michael-autopilot-build-branch #289,289,289,1642609463703,SUCCESS,115186,31647
Dev-michael-autopilot-build-branch,Dev-michael-autopilot-build-branch #288,288,288,1642607488629,SUCCESS,115186,33981
Dev-michael-autopilot-build-branch,Dev-michael-autopilot-build-branch #287,287,287,1642606068281,SUCCESS,115186,686789
Dev-michael-autopilot-build-branch,Dev-michael-autopilot-build-branch #286,286,286,1642596395173,SUCCESS,115186,228815
Dev-michael-autopilot-build-branch,Dev-michael-autopilot-build-branch #285,285,285,1642592424483,SUCCESS,115186,250815
Dev-michael-autopilot-build-branch,Dev-michael-autopilot-build-branch #284,284,284,1642591151874,SUCCESS,115186,282116
Dev-michael-autopilot-build-branch,Dev-michael-autopilot-build-branch #283,283,283,1642588558518,SUCCESS,115186,466225
Dev-michael-autopilot-build-branch,Dev-michael-autopilot-build-branch #282,282,282,1642588208262,SUCCESS,115186,350104
Dev-michael-autopilot-build-branch,Dev-michael-autopilot-build-branch #281,281,281,1642586968211,SUCCESS,115186,268318
Dev-michael-autopilot-build-branch,Dev-michael-autopilot-build-branch #280,280,280,1642585127268,SUCCESS,115186,335354
Dev-michael-autopilot-build-branch,Dev-michael-autopilot-build-branch #279,279,279,1642584483111,SUCCESS,115186,233308
Dev-michael-autopilot-build-branch,Dev-michael-autopilot-build-branch #278,278,278,1642583152212,SUCCESS,115186,225428
Dev-michael-autopilot-build-branch,Dev-michael-autopilot-build-branch #277,277,277,1642582920185,SUCCESS,115186,231866
Dev-michael-autopilot-build-branch,Dev-michael-autopilot-build-branch #276,276,276,1642572959437,SUCCESS,115186,236563
Dev-michael-autopilot-build-branch,Dev-michael-autopilot-build-branch #275,275,275,1642569648590,SUCCESS,115186,229740
Dev-michael-autopilot-build-branch,Dev-michael-autopilot-build-branch #274,274,274,1642569414661,SUCCESS,115186,233737
Dev-michael-autopilot-build-branch,Dev-michael-autopilot-build-branch #273,273,273,1642567778807,SUCCESS,115186,580498
Dev-michael-autopilot-build-branch,Dev-michael-autopilot-build-branch #272,272,272,1642490460700,SUCCESS,115186,389322
Dev-michael-autopilot-build-branch,Dev-michael-autopilot-build-branch #271,271,271,1642420840217,SUCCESS,115186,231902
Dev-OES-Dasboard-Sonar,Dev-OES-Dasboard-Sonar #642,642,642,1642530601497,SUCCESS,71335,83395
Dev-OES-Dasboard-Sonar,Dev-OES-Dasboard-Sonar #641,641,641,1642444201035,SUCCESS,71335,68497
Dev-OES-Dasboard-Sonar,Dev-OES-Dasboard-Sonar #640,640,640,1642357801573,FAILURE,71335,2075
Dev-OES-Dasboard-Sonar,Dev-OES-Dasboard-Sonar #639,639,639,1642271401106,FAILURE,71335,3534
Dev-OES-Dasboard-Sonar,Dev-OES-Dasboard-Sonar #638,638,638,1642185001488,FAILURE,71335,10431
Dev-OES-Dasboard-Sonar,Dev-OES-Dasboard-Sonar #637,637,637,1642098601190,SUCCESS,71335,82197
Dev-OES-Dasboard-Sonar,Dev-OES-Dasboard-Sonar #636,636,636,1642012201490,FAILURE,71335,14289
Dev-OES-Gate-Sonar,Dev-OES-Gate-Sonar #509,509,509,1642530601478,SUCCESS,107841,117381
Dev-OES-Gate-Sonar,Dev-OES-Gate-Sonar #508,508,508,1642444201046,SUCCESS,107841,103191
Dev-OES-Gate-Sonar,Dev-OES-Gate-Sonar #507,507,507,1642357801564,FAILURE,107841,1790
Dev-OES-Gate-Sonar,Dev-OES-Gate-Sonar #506,506,506,1642271401334,FAILURE,107841,3094
Dev-OES-Gate-Sonar,Dev-OES-Gate-Sonar #505,505,505,1642185001635,FAILURE,107841,14052
Dev-OES-Gate-Sonar,Dev-OES-Gate-Sonar #504,504,504,1642098601200,SUCCESS,107841,120246
Dev-OES-Gate-Sonar,Dev-OES-Gate-Sonar #503,503,503,1642012201503,FAILURE,107841,20487
Dev-OES-Platform-Sonar,Dev-OES-Platform-Sonar #633,633,633,1642530601533,SUCCESS,108073,116869
Dev-OES-Platform-Sonar,Dev-OES-Platform-Sonar #632,632,632,1642444201061,SUCCESS,108073,102533
Dev-OES-Platform-Sonar,Dev-OES-Platform-Sonar #631,631,631,1642357801736,FAILURE,108073,2463
Dev-OES-Platform-Sonar,Dev-OES-Platform-Sonar #630,630,630,1642271401425,FAILURE,108073,2849
Dev-OES-Platform-Sonar,Dev-OES-Platform-Sonar #629,629,629,1642185001621,FAILURE,108073,5747
Dev-OES-Platform-Sonar,Dev-OES-Platform-Sonar #628,628,628,1642098601251,SUCCESS,108073,129025
Dev-OES-Platform-Sonar,Dev-OES-Platform-Sonar #627,627,627,1642012201530,FAILURE,108073,10696
Dev-OES-Sapor-Sonar,Dev-OES-Sapor-Sonar #551,551,551,1642530601657,SUCCESS,124101,141137
Dev-OES-Sapor-Sonar,Dev-OES-Sapor-Sonar #550,550,550,1642444201071,SUCCESS,124101,115100
Dev-OES-Sapor-Sonar,Dev-OES-Sapor-Sonar #549,549,549,1642357801749,FAILURE,124101,2441
Dev-OES-Sapor-Sonar,Dev-OES-Sapor-Sonar #548,548,548,1642271401540,FAILURE,124101,3606
Dev-OES-Sapor-Sonar,Dev-OES-Sapor-Sonar #547,547,547,1642185001781,FAILURE,124101,12708
Dev-OES-Sapor-Sonar,Dev-OES-Sapor-Sonar #546,546,546,1642098601267,SUCCESS,124101,126685
Dev-OES-Sapor-Sonar,Dev-OES-Sapor-Sonar #545,545,545,1642012201600,FAILURE,124101,16642
Dev-OES-Spinnaker-DBs-Reset,Dev-OES-Spinnaker-DBs-Reset #31,31,31,1642560244570,FAILURE,62181,17682
Dev-OES-Spinnaker-DBs-Reset,Dev-OES-Spinnaker-DBs-Reset #30,30,30,1642511289888,SUCCESS,62181,57588
Dev-OES-Spinnaker-DBs-Reset,Dev-OES-Spinnaker-DBs-Reset #29,29,29,1642051543979,SUCCESS,62181,64099
Dev-Oes-Test,Dev-Oes-Test #1479,1479,1479,1642608018789,SUCCESS,75771,99211
Dev-Oes-Test,Dev-Oes-Test #1478,1478,1478,1642584181422,SUCCESS,75771,56493
Dev-Oes-Test,Dev-Oes-Test #1477,1477,1477,1642580064360,SUCCESS,75771,71609
Dev-Oes-Test,Dev-Oes-Test #1476,1476,1476,1642579692442,SUCCESS,75771,86799
Dev-Oes-Test,Dev-Oes-Test #1475,1475,1475,1642570619675,SUCCESS,75771,108489
Dev-Oes-Test,Dev-Oes-Test #1474,1474,1474,1642520008084,SUCCESS,75771,190503
Dev-OES-UI-Sonar,Dev-OES-UI-Sonar #503,503,503,1642530601694,SUCCESS,150941,158322
Dev-OES-UI-Sonar,Dev-OES-UI-Sonar #502,502,502,1642444201092,SUCCESS,150941,147281
Dev-OES-UI-Sonar,Dev-OES-UI-Sonar #501,501,501,1642357801791,FAILURE,150941,2636
Dev-OES-UI-Sonar,Dev-OES-UI-Sonar #500,500,500,1642271401527,FAILURE,150941,3660
Dev-OES-UI-Sonar,Dev-OES-UI-Sonar #499,499,499,1642185001920,FAILURE,150941,15872
Dev-OES-UI-Sonar,Dev-OES-UI-Sonar #498,498,498,1642098601279,SUCCESS,150941,157166
Dev-OES-UI-Sonar,Dev-OES-UI-Sonar #497,497,497,1642012201632,FAILURE,150941,21975
Dev-OES-Visibility-Sonar,Dev-OES-Visibility-Sonar #587,587,587,1642530601796,SUCCESS,79146,89409
Dev-OES-Visibility-Sonar,Dev-OES-Visibility-Sonar #586,586,586,1642444201082,SUCCESS,79146,75902
Dev-OES-Visibility-Sonar,Dev-OES-Visibility-Sonar #585,585,585,1642357801827,FAILURE,79146,2324
Dev-OES-Visibility-Sonar,Dev-OES-Visibility-Sonar #584,584,584,1642271401603,FAILURE,79146,3638
Dev-OES-Visibility-Sonar,Dev-OES-Visibility-Sonar #583,583,583,1642185002103,FAILURE,79146,10601
Dev-OES-Visibility-Sonar,Dev-OES-Visibility-Sonar #582,582,582,1642098601331,SUCCESS,79146,88984
Dev-OES-Visibility-Sonar,Dev-OES-Visibility-Sonar #581,581,581,1642012201725,FAILURE,79146,12848
Dev-OpsMx-SAAS-SPINNAKER-OES-Backup,Dev-OpsMx-SAAS-SPINNAKER-OES-Backup #224,224,224,1642590212925,SUCCESS,1370942,822953
Dev-OpsMx-SAAS-SPINNAKER-OES-Backup,Dev-OpsMx-SAAS-SPINNAKER-OES-Backup #223,223,223,1642548600818,FAILURE,1370942,1793633
Dev-OpsMx-SAAS-SPINNAKER-OES-Backup,Dev-OpsMx-SAAS-SPINNAKER-OES-Backup #222,222,222,1642462200817,SUCCESS,1370942,821748
Dev-OpsMx-SAAS-SPINNAKER-OES-Backup,Dev-OpsMx-SAAS-SPINNAKER-OES-Backup #221,221,221,1642375801414,SUCCESS,1370942,597576
Dev-OpsMx-SAAS-SPINNAKER-OES-Backup,Dev-OpsMx-SAAS-SPINNAKER-OES-Backup #220,220,220,1642289400943,SUCCESS,1370942,625349
Dev-OpsMx-SAAS-SPINNAKER-OES-Backup,Dev-OpsMx-SAAS-SPINNAKER-OES-Backup #219,219,219,1642203001269,SUCCESS,1370942,803520
Dev-OpsMx-SAAS-SPINNAKER-OES-Backup,Dev-OpsMx-SAAS-SPINNAKER-OES-Backup #218,218,218,1642116600817,SUCCESS,1370942,677097
Dev-OpsMx-SAAS-SPINNAKER-OES-Backup,Dev-OpsMx-SAAS-SPINNAKER-OES-Backup #217,217,217,1642030200964,SUCCESS,1370942,758104
Dev-opsmxsaas-application-backup,Dev-opsmxsaas-application-backup #563,563,563,1642566600817,SUCCESS,322548,549035
Dev-opsmxsaas-application-backup,Dev-opsmxsaas-application-backup #562,562,562,1642480200925,SUCCESS,322548,416606
Dev-opsmxsaas-application-backup,Dev-opsmxsaas-application-backup #561,561,561,1642393800829,FAILURE,322548,2002
Dev-opsmxsaas-application-backup,Dev-opsmxsaas-application-backup #560,560,560,1642307401110,FAILURE,322548,962
Dev-opsmxsaas-application-backup,Dev-opsmxsaas-application-backup #559,559,559,1642221001391,FAILURE,322548,1134
Dev-opsmxsaas-application-backup,Dev-opsmxsaas-application-backup #558,558,558,1642134601318,FAILURE,322548,1792
Dev-opsmxsaas-application-backup,Dev-opsmxsaas-application-backup #557,557,557,1642048200817,FAILURE,322548,2167
Dev-orca-image-with-plugins,Dev-orca-image-with-plugins #48,48,48,1642504812195,SUCCESS,223859,194003
Dev-orca-image-with-plugins,Dev-orca-image-with-plugins #47,47,47,1642503397205,SUCCESS,223859,229869
Dev-orca-image-with-plugins,Dev-orca-image-with-plugins #46,46,46,1642485095137,SUCCESS,223859,247705
Dev-platformservice-build-branch,Dev-platformservice-build-branch #441,441,441,1642607283277,SUCCESS,90602,101484
Dev-platformservice-build-branch,Dev-platformservice-build-branch #440,440,440,1642604304451,SUCCESS,90602,55923
Dev-platformservice-build-branch,Dev-platformservice-build-branch #439,439,439,1642603807206,SUCCESS,90602,114398
Dev-platformservice-build-branch,Dev-platformservice-build-branch #438,438,438,1642602580649,SUCCESS,90602,56546
Dev-platformservice-build-branch,Dev-platformservice-build-branch #437,437,437,1642599690196,SUCCESS,90602,285047
Dev-platformservice-build-branch,Dev-platformservice-build-branch #436,436,436,1642588363414,SUCCESS,90602,248140
Dev-platformservice-build-branch,Dev-platformservice-build-branch #435,435,435,1642579643565,SUCCESS,90602,103253
Dev-platformservice-build-branch,Dev-platformservice-build-branch #434,434,434,1642572906733,SUCCESS,90602,101506
Dev-platformservice-build-branch,Dev-platformservice-build-branch #433,433,433,1642571159821,SUCCESS,90602,170840
Dev-platformservice-build-branch,Dev-platformservice-build-branch #432,432,432,1642501827571,SUCCESS,90602,230921
Dev-platformservice-build-branch,Dev-platformservice-build-branch #431,431,431,1642490665708,SUCCESS,90602,191815
Dev-platformservice-build-branch,Dev-platformservice-build-branch #430,430,430,1642435128955,SUCCESS,90602,103606
Dev-platformservice-build-branch,Dev-platformservice-build-branch #429,429,429,1642426855284,SUCCESS,90602,112525
Dev-platformservice-build-branch,Dev-platformservice-build-branch #428,428,428,1642425377380,SUCCESS,90602,97611
Dev-platformservice-build-branch,Dev-platformservice-build-branch #427,427,427,1642421752332,ABORTED,90602,25936
Dev-platformservice-build-branch,Dev-platformservice-build-branch #426,426,426,1642421122259,SUCCESS,90602,211142
Dev-platformservice-build-branch,Dev-platformservice-build-branch #425,425,425,1642420687152,ABORTED,90602,12322
Dev-platformservice-build-branch,Dev-platformservice-build-branch #424,424,424,1642415560798,ABORTED,90602,13909
Dev-platformservice-build-branch,Dev-platformservice-build-branch #423,423,423,1642156332084,SUCCESS,90602,214323
Dev-platformservice-build-branch,Dev-platformservice-build-branch #422,422,422,1642071794014,SUCCESS,90602,290531
Dev-platformservice-build-branch-vault,Dev-platformservice-build-branch-vault #848,848,848,1642607863643,SUCCESS,165933,96777
Dev-platformservice-build-branch-vault,Dev-platformservice-build-branch-vault #847,847,847,1642602245337,SUCCESS,165933,114219
Dev-platformservice-build-branch-vault,Dev-platformservice-build-branch-vault #846,846,846,1642600130278,FAILURE,165933,55785
Dev-platformservice-build-branch-vault,Dev-platformservice-build-branch-vault #845,845,845,1642588608458,SUCCESS,165933,286804
Dev-platformservice-build-branch-vault,Dev-platformservice-build-branch-vault #844,844,844,1642576952879,SUCCESS,165933,103341
Dev-platformservice-build-branch-vault,Dev-platformservice-build-branch-vault #843,843,843,1642575962846,SUCCESS,165933,108302
Dev-platformservice-build-branch-vault,Dev-platformservice-build-branch-vault #842,842,842,1642563912311,SUCCESS,165933,561020
Dev-platformservice-build-branch-vault,Dev-platformservice-build-branch-vault #841,841,841,1642562931029,SUCCESS,165933,350156
Dev-platformservice-build-branch-vault,Dev-platformservice-build-branch-vault #840,840,840,1642562084437,SUCCESS,165933,845395
Dev-platformservice-build-branch-vault,Dev-platformservice-build-branch-vault #839,839,839,1642491785850,SUCCESS,165933,102133
Dev-platformservice-build-branch-vault,Dev-platformservice-build-branch-vault #838,838,838,1642491730804,ABORTED,165933,10816
Dev-platformservice-build-branch-vault,Dev-platformservice-build-branch-vault #837,837,837,1642481325454,SUCCESS,165933,288220
Dev-platformservice-build-branch-vault,Dev-platformservice-build-branch-vault #836,836,836,1642477510160,SUCCESS,165933,303381
Dev-platformservice-build-branch-vault,Dev-platformservice-build-branch-vault #835,835,835,1642475710136,SUCCESS,165933,233232
Dev-platformservice-build-branch-vault,Dev-platformservice-build-branch-vault #834,834,834,1642429453795,SUCCESS,165933,108706
Dev-platformservice-build-branch-vault,Dev-platformservice-build-branch-vault #833,833,833,1642391108685,SUCCESS,165933,426457
Dev-platformservice-build-branch-vault,Dev-platformservice-build-branch-vault #832,832,832,1642216508807,SUCCESS,165933,963113
Dev-platformservice-build-branch-vault,Dev-platformservice-build-branch-vault #831,831,831,1642131910861,SUCCESS,165933,411158
Dev-platformservice-build-branch-vault,Dev-platformservice-build-branch-vault #830,830,830,1642130110832,SUCCESS,165933,258427
Dev-platformservice-build-branch-vault,Dev-platformservice-build-branch-vault #829,829,829,1642084414488,SUCCESS,165933,93984
Dev-PR_dorebase,Dev-PR_dorebase #4010,4010,4010,1642607853641,SUCCESS,2877,1297
Dev-PR_dorebase,Dev-PR_dorebase #4009,4009,4009,1642606108284,SUCCESS,2877,5957
Dev-PR_dorebase,Dev-PR_dorebase #4008,4008,4008,1642602225335,SUCCESS,2877,1377
Dev-PR_dorebase,Dev-PR_dorebase #4007,4007,4007,1642600115276,SUCCESS,2877,1381
Dev-PR_dorebase,Dev-PR_dorebase #4006,4006,4006,1642596270169,SUCCESS,2877,1597
Dev-PR_dorebase,Dev-PR_dorebase #4005,4005,4005,1642595500147,SUCCESS,2877,1671
Dev-PR_dorebase,Dev-PR_dorebase #4004,4004,4004,1642593400088,SUCCESS,2877,1616
Dev-PR_dorebase,Dev-PR_dorebase #4003,4003,4003,1642592340056,SUCCESS,2877,2183
Dev-PR_dorebase,Dev-PR_dorebase #4002,4002,4002,1642592075047,SUCCESS,2877,1719
Dev-PR_dorebase,Dev-PR_dorebase #4001,4001,4001,1642588373279,SUCCESS,2877,4875
Dev-PR_dorebase,Dev-PR_dorebase #4000,4000,4000,1642587238220,SUCCESS,2877,483
Dev-PR_dorebase,Dev-PR_dorebase #3999,3999,3999,1642586707185,SUCCESS,2877,1735
Dev-PR_dorebase,Dev-PR_dorebase #3998,3998,3998,1642586258179,SUCCESS,2877,1670
Dev-PR_dorebase,Dev-PR_dorebase #3997,3997,3997,1642586143174,SUCCESS,2877,1879
Dev-PR_dorebase,Dev-PR_dorebase #3996,3996,3996,1642585043129,SUCCESS,2877,1343
Dev-PR_dorebase,Dev-PR_dorebase #3995,3995,3995,1642582443051,FAILURE,2877,1345
Dev-PR_dorebase,Dev-PR_dorebase #3994,3994,3994,1642581353016,SUCCESS,2877,2533
Dev-PR_dorebase,Dev-PR_dorebase #3993,3993,3993,1642576917877,SUCCESS,2877,5370
Dev-PR_dorebase,Dev-PR_dorebase #3992,3992,3992,1642576552866,SUCCESS,2877,1671
Dev-PR_dorebase,Dev-PR_dorebase #3991,3991,3991,1642575947844,SUCCESS,2877,3062
Dev-PR_dorebase,Dev-PR_dorebase #3990,3990,3990,1642575812839,SUCCESS,2877,1721
Dev-PR_dorebase,Dev-PR_dorebase #3989,3989,3989,1642572165509,SUCCESS,2877,899
Dev-PR_dorebase,Dev-PR_dorebase #3988,3988,3988,1642565194529,SUCCESS,2877,2115
Dev-PR_dorebase,Dev-PR_dorebase #3987,3987,3987,1642563777222,SUCCESS,2877,3304
Dev-PR_dorebase,Dev-PR_dorebase #3986,3986,3986,1642562054436,SUCCESS,2877,3654
Dev-PR_dorebase,Dev-PR_dorebase #3985,3985,3985,1642509057771,SUCCESS,2877,839
Dev-PR_dorebase,Dev-PR_dorebase #3984,3984,3984,1642505372670,SUCCESS,2877,2546
Dev-PR_dorebase,Dev-PR_dorebase #3983,3983,3983,1642501467512,SUCCESS,2877,1193
Dev-PR_dorebase,Dev-PR_dorebase #3982,3982,3982,1642500377469,SUCCESS,2877,1263
Dev-PR_dorebase,Dev-PR_dorebase #3981,3981,3981,1642497857399,SUCCESS,2877,2001
Dev-Production-SPINNAKER-OES-Backup,Dev-Production-SPINNAKER-OES-Backup #230,230,230,1642548600828,SUCCESS,488748,450054
Dev-Production-SPINNAKER-OES-Backup,Dev-Production-SPINNAKER-OES-Backup #229,229,229,1642462201023,SUCCESS,488748,454821
Dev-Production-SPINNAKER-OES-Backup,Dev-Production-SPINNAKER-OES-Backup #228,228,228,1642375801404,SUCCESS,488748,491470
Dev-Production-SPINNAKER-OES-Backup,Dev-Production-SPINNAKER-OES-Backup #227,227,227,1642289400954,SUCCESS,488748,450574
Dev-Production-SPINNAKER-OES-Backup,Dev-Production-SPINNAKER-OES-Backup #226,226,226,1642203001279,SUCCESS,488748,454961
Dev-Production-SPINNAKER-OES-Backup,Dev-Production-SPINNAKER-OES-Backup #225,225,225,1642116600829,SUCCESS,488748,454423
Dev-Production-SPINNAKER-OES-Backup,Dev-Production-SPINNAKER-OES-Backup #224,224,224,1642030201006,SUCCESS,488748,443350
Dev-RC-sapor-publish-image,Dev-RC-sapor-publish-image #62,62,62,1642598249211,SUCCESS,91254,149045
Dev-RC-sapor-publish-image,Dev-RC-sapor-publish-image #61,61,61,1642573966546,SUCCESS,91254,68001
Dev-RC-ui-publish-image-UI-Versions,Dev-RC-ui-publish-image-UI-Versions #95,95,95,1642573949599,SUCCESS,655447,690337
Dev-RC-ui-publish-image-UI-Versions,Dev-RC-ui-publish-image-UI-Versions #94,94,94,1642078057948,SUCCESS,655447,614527
Dev-run-master-test-cases-nightly,Dev-run-master-test-cases-nightly #23,23,23,1642564892449,ABORTED,2312644,7227217
Dev-run-master-test-cases-nightly,Dev-run-master-test-cases-nightly #22,22,22,1642510002971,SUCCESS,2312644,3562845
Dev-run-master-test-cases-nightly,Dev-run-master-test-cases-nightly #21,21,21,1642132616136,ABORTED,2312644,7220197
Dev-run-tests-on-baseline-aonaPipeline,Dev-run-tests-on-baseline-aonaPipeline #878,878,878,1642589524986,SUCCESS,1144186,1120109
Dev-run-tests-on-baseline-aonaPipeline,Dev-run-tests-on-baseline-aonaPipeline #877,877,877,1642502707609,SUCCESS,1144186,1143466
Dev-run-tests-on-baseline-aonaPipeline,Dev-run-tests-on-baseline-aonaPipeline #876,876,876,1642390023629,SUCCESS,1144186,1168982
Dev-run-tests-on-baseline-aonaPipeline,Dev-run-tests-on-baseline-aonaPipeline #875,875,875,1642389723630,SUCCESS,1144186,217
Dev-run-tests-on-baseline-aonaPipeline,Dev-run-tests-on-baseline-aonaPipeline #874,874,874,1642388168585,SUCCESS,1144186,1132765
Dev-run-tests-on-baseline-aonaPipeline,Dev-run-tests-on-baseline-aonaPipeline #873,873,873,1642157076964,SUCCESS,1144186,1114300
Dev-run-tests-on-baseline-aonaPipeline,Dev-run-tests-on-baseline-aonaPipeline #872,872,872,1642072819011,SUCCESS,1144186,1152971
Dev-run-tests-on-canary-aonaPipeline,Dev-run-tests-on-canary-aonaPipeline #877,877,877,1642589524970,SUCCESS,1093567,1074045
Dev-run-tests-on-canary-aonaPipeline,Dev-run-tests-on-canary-aonaPipeline #876,876,876,1642502707597,SUCCESS,1093567,1065732
Dev-run-tests-on-canary-aonaPipeline,Dev-run-tests-on-canary-aonaPipeline #875,875,875,1642390023640,SUCCESS,1093567,1140924
Dev-run-tests-on-canary-aonaPipeline,Dev-run-tests-on-canary-aonaPipeline #874,874,874,1642389723619,SUCCESS,1093567,321
Dev-run-tests-on-canary-aonaPipeline,Dev-run-tests-on-canary-aonaPipeline #873,873,873,1642388168574,SUCCESS,1093567,1188856
Dev-run-tests-on-canary-aonaPipeline,Dev-run-tests-on-canary-aonaPipeline #872,872,872,1642157076953,SUCCESS,1093567,4264819
Dev-run-tests-on-canary-aonaPipeline,Dev-run-tests-on-canary-aonaPipeline #871,871,871,1642072819056,SUCCESS,1093567,1096712
Dev-run-tests-on-gitpr-parallel,Dev-run-tests-on-gitpr-parallel #1728,1728,1728,1642608143652,SUCCESS,762536,769205
Dev-run-tests-on-gitpr-parallel,Dev-run-tests-on-gitpr-parallel #1727,1727,1727,1642607028607,SUCCESS,762536,777259
Dev-run-tests-on-gitpr-parallel,Dev-run-tests-on-gitpr-parallel #1726,1726,1726,1642602555348,SUCCESS,762536,741143
Dev-run-tests-on-gitpr-parallel,Dev-run-tests-on-gitpr-parallel #1725,1725,1725,1642592405060,SUCCESS,762536,731938
Dev-run-tests-on-gitpr-parallel,Dev-run-tests-on-gitpr-parallel #1724,1724,1724,1642588827816,SUCCESS,762536,859445
Dev-run-tests-on-gitpr-parallel,Dev-run-tests-on-gitpr-parallel #1723,1723,1723,1642587503231,SUCCESS,762536,824838
Dev-run-tests-on-gitpr-parallel,Dev-run-tests-on-gitpr-parallel #1722,1722,1722,1642586508189,SUCCESS,762536,679320
Dev-run-tests-on-gitpr-parallel,Dev-run-tests-on-gitpr-parallel #1721,1721,1721,1642585408143,SUCCESS,762536,697691
Dev-run-tests-on-gitpr-parallel,Dev-run-tests-on-gitpr-parallel #1720,1720,1720,1642581708029,SUCCESS,762536,682012
Dev-run-tests-on-gitpr-parallel,Dev-run-tests-on-gitpr-parallel #1719,1719,1719,1642577232899,SUCCESS,762536,668670
Dev-run-tests-on-gitpr-parallel,Dev-run-tests-on-gitpr-parallel #1718,1718,1718,1642576232855,SUCCESS,762536,646240
Dev-run-tests-on-gitpr-parallel,Dev-run-tests-on-gitpr-parallel #1717,1717,1717,1642572410520,SUCCESS,762536,613959
Dev-run-tests-on-gitpr-parallel,Dev-run-tests-on-gitpr-parallel #1716,1716,1716,1642565579543,SUCCESS,762536,644507
Dev-run-tests-on-gitpr-parallel,Dev-run-tests-on-gitpr-parallel #1715,1715,1715,1642564502435,SUCCESS,762536,652267
Dev-run-tests-on-gitpr-parallel,Dev-run-tests-on-gitpr-parallel #1714,1714,1714,1642563127202,SUCCESS,762536,624464
Dev-run-tests-on-gitpr-parallel,Dev-run-tests-on-gitpr-parallel #1713,1713,1713,1642509412925,SUCCESS,762536,735537
Dev-run-tests-on-gitpr-parallel,Dev-run-tests-on-gitpr-parallel #1712,1712,1712,1642505617680,SUCCESS,762536,700339
Dev-run-tests-on-gitpr-parallel,Dev-run-tests-on-gitpr-parallel #1711,1711,1711,1642501827852,SUCCESS,762536,716723
Dev-run-tests-on-gitpr-parallel,Dev-run-tests-on-gitpr-parallel #1710,1710,1710,1642500747483,SUCCESS,762536,685607
Dev-run-tests-on-gitpr-parallel,Dev-run-tests-on-gitpr-parallel #1709,1709,1709,1642492077184,SUCCESS,762536,714960
Dev-run-tests-on-gitpr-parallel,Dev-run-tests-on-gitpr-parallel #1708,1708,1708,1642491145782,ABORTED,762536,196737
Dev-run-tests-on-gitpr-parallel,Dev-run-tests-on-gitpr-parallel #1707,1707,1707,1642490955765,ABORTED,762536,89559
Dev-run-tests-on-gitpr-parallel,Dev-run-tests-on-gitpr-parallel #1706,1706,1706,1642429738805,SUCCESS,762536,715787
Dev-run-tests-on-gitpr-parallel,Dev-run-tests-on-gitpr-parallel #1705,1705,1705,1642428688735,SUCCESS,762536,705938
Dev-run-tests-on-gitpr-parallel,Dev-run-tests-on-gitpr-parallel #1704,1704,1704,1642421107258,SUCCESS,762536,737474
Dev-run-tests-on-gitpr-parallel,Dev-run-tests-on-gitpr-parallel #1703,1703,1703,1642420297083,SUCCESS,762536,709721
Dev-run-tests-on-gitpr-parallel,Dev-run-tests-on-gitpr-parallel #1702,1702,1702,1642419081063,SUCCESS,762536,713951
Dev-run-tests-on-gitpr-parallel,Dev-run-tests-on-gitpr-parallel #1701,1701,1701,1642418156024,SUCCESS,762536,701127
Dev-run-tests-on-gitpr-parallel,Dev-run-tests-on-gitpr-parallel #1700,1700,1700,1642414790570,SUCCESS,762536,692811
Dev-run-tests-on-gitpr-parallel,Dev-run-tests-on-gitpr-parallel #1699,1699,1699,1642414170547,ABORTED,762536,100394
Dev-run-tests-on-gitpr-parallel,Dev-run-tests-on-gitpr-parallel #1698,1698,1698,1642411240281,SUCCESS,762536,662665
Dev-run-tests-on-gitpr-parallel,Dev-run-tests-on-gitpr-parallel #1697,1697,1697,1642398009882,SUCCESS,762536,658012
Dev-run-tests-on-gitpr-parallel,Dev-run-tests-on-gitpr-parallel #1696,1696,1696,1642391519699,SUCCESS,762536,675450
Dev-run-tests-on-gitpr-parallel,Dev-run-tests-on-gitpr-parallel #1695,1695,1695,1642084684497,SUCCESS,762536,807692
Dev-run-tests-on-gitpr-parallel,Dev-run-tests-on-gitpr-parallel #1694,1694,1694,1642083164441,SUCCESS,762536,871185
Dev-run-tests-on-gitpr-parallel,Dev-run-tests-on-gitpr-parallel #1693,1693,1693,1642077279137,SUCCESS,762536,762775
Dev-run-tests-on-gitpr-parallel,Dev-run-tests-on-gitpr-parallel #1692,1692,1692,1642070448651,SUCCESS,762536,756975
Dev-run-tests-on-gitpr-parallel,Dev-run-tests-on-gitpr-parallel #1691,1691,1691,1642068623084,SUCCESS,762536,757757
Dev-run-tests-on-gitpr-parallel,Dev-run-tests-on-gitpr-parallel #1690,1690,1690,1642067473035,SUCCESS,762536,746207
Dev-run-tests-on-gitpr-parallel,Dev-run-tests-on-gitpr-parallel #1689,1689,1689,1642066302097,SUCCESS,762536,720875
Dev-run-tests-on-gitpr-parallel,Dev-run-tests-on-gitpr-parallel #1688,1688,1688,1642065192059,SUCCESS,762536,752902
Dev-run-tests-on-gitpr-parallel,Dev-run-tests-on-gitpr-parallel #1687,1687,1687,1642064192028,SUCCESS,762536,676175
Dev-run-tests-on-gitpr-parallel,Dev-run-tests-on-gitpr-parallel #1686,1686,1686,1642063191996,SUCCESS,762536,669992
Dev-run-tests-on-gitpr-parallel,Dev-run-tests-on-gitpr-parallel #1685,1685,1685,1642062071952,SUCCESS,762536,657255
Dev-run-tests-on-gitpr-parallel,Dev-run-tests-on-gitpr-parallel #1684,1684,1684,1642061061912,SUCCESS,762536,653655
Dev-run-tests-on-gitpr-parallel,Dev-run-tests-on-gitpr-parallel #1683,1683,1683,1642060011871,SUCCESS,762536,633134
Dev-run-tests-on-gitpr-parallel,Dev-run-tests-on-gitpr-parallel #1682,1682,1682,1642058411821,SUCCESS,762536,640077
Dev-run-tests-on-gitpr-parallel,Dev-run-tests-on-gitpr-parallel #1681,1681,1681,1642056676759,SUCCESS,762536,616405
Dev-run-tests-on-gitpr-parallel,Dev-run-tests-on-gitpr-parallel #1680,1680,1680,1642055706728,SUCCESS,762536,639827
Dev-run-tests-on-gitpr-parallel,Dev-run-tests-on-gitpr-parallel #1679,1679,1679,1642054126582,SUCCESS,762536,641679
Dev-run-tests-on-gitpr-parallel,Dev-run-tests-on-gitpr-parallel #1678,1678,1678,1642047880810,SUCCESS,762536,676914
Dev-sapor-build-branch,Dev-sapor-build-branch #282,282,282,1642588762543,SUCCESS,281766,269970
Dev-sapor-build-branch,Dev-sapor-build-branch #281,281,281,1642588363475,SUCCESS,281766,362561
Dev-sapor-build-branch,Dev-sapor-build-branch #280,280,280,1642565303995,SUCCESS,281766,212768
Dev-sapor-build-branch,Dev-sapor-build-branch #279,279,279,1642563912243,SUCCESS,281766,525958
Dev-sapor-build-branch,Dev-sapor-build-branch #278,278,278,1642562128555,SUCCESS,281766,395452
Dev-sapor-build-branch,Dev-sapor-build-branch #277,277,277,1642501827692,SUCCESS,281766,301464
Dev-sapor-build-branch,Dev-sapor-build-branch #276,276,276,1642495591533,SUCCESS,281766,243685
Dev-sapor-build-branch,Dev-sapor-build-branch #275,275,275,1642481325407,SUCCESS,281766,294991
Dev-sapor-build-branch,Dev-sapor-build-branch #274,274,274,1642477510195,SUCCESS,281766,302236
Dev-sapor-build-branch,Dev-sapor-build-branch #273,273,273,1642475710126,SUCCESS,281766,271063
Dev-sapor-build-branch,Dev-sapor-build-branch #272,272,272,1642428491837,SUCCESS,281766,52562
Dev-sapor-build-branch,Dev-sapor-build-branch #271,271,271,1642421752499,ABORTED,281766,25133
Dev-sapor-build-branch,Dev-sapor-build-branch #270,270,270,1642420687130,ABORTED,281766,12337
Dev-sapor-build-branch,Dev-sapor-build-branch #269,269,269,1642415561720,ABORTED,281766,15547
Dev-sapor-build-branch,Dev-sapor-build-branch #268,268,268,1642391108734,SUCCESS,281766,404563
Dev-sapor-build-branch,Dev-sapor-build-branch #267,267,267,1642216508797,SUCCESS,281766,1067091
Dev-sapor-build-branch,Dev-sapor-build-branch #266,266,266,1642156332071,SUCCESS,281766,272389
Dev-sapor-build-branch,Dev-sapor-build-branch #265,265,265,1642131910881,SUCCESS,281766,393342
Dev-sapor-build-branch,Dev-sapor-build-branch #264,264,264,1642130110842,SUCCESS,281766,305772
Dev-sapor-build-branch,Dev-sapor-build-branch #263,263,263,1642071793967,SUCCESS,281766,659467
Dev-start-production-spin,Dev-start-production-spin #156,156,156,1642543200818,SUCCESS,33254,33075
Dev-start-production-spin,Dev-start-production-spin #155,155,155,1642456800818,SUCCESS,33254,33126
Dev-start-production-spin,Dev-start-production-spin #154,154,154,1642370400987,SUCCESS,33254,33320
Dev-start-production-spin,Dev-start-production-spin #153,153,153,1642111200935,SUCCESS,33254,34162
Dev-start-production-spin,Dev-start-production-spin #152,152,152,1642024800905,SUCCESS,33254,33576
Dev-Test-PR-Build-parallel,Dev-Test-PR-Build-parallel #1884,1884,1884,1642608093650,SUCCESS,34548,35931
Dev-Test-PR-Build-parallel,Dev-Test-PR-Build-parallel #1883,1883,1883,1642606978605,SUCCESS,34548,34029
Dev-Test-PR-Build-parallel,Dev-Test-PR-Build-parallel #1882,1882,1882,1642602505345,SUCCESS,34548,33685
Dev-Test-PR-Build-parallel,Dev-Test-PR-Build-parallel #1881,1881,1881,1642592355070,SUCCESS,34548,36640
Dev-Test-PR-Build-parallel,Dev-Test-PR-Build-parallel #1880,1880,1880,1642588729187,SUCCESS,34548,80998
Dev-Test-PR-Build-parallel,Dev-Test-PR-Build-parallel #1879,1879,1879,1642587448228,SUCCESS,34548,33322
Dev-Test-PR-Build-parallel,Dev-Test-PR-Build-parallel #1878,1878,1878,1642586453186,SUCCESS,34548,34665
Dev-Test-PR-Build-parallel,Dev-Test-PR-Build-parallel #1877,1877,1877,1642585353140,SUCCESS,34548,33804
Dev-Test-PR-Build-parallel,Dev-Test-PR-Build-parallel #1876,1876,1876,1642581663027,SUCCESS,34548,33497
Dev-Test-PR-Build-parallel,Dev-Test-PR-Build-parallel #1875,1875,1875,1642577177886,SUCCESS,34548,35461
Dev-Test-PR-Build-parallel,Dev-Test-PR-Build-parallel #1874,1874,1874,1642576187853,SUCCESS,34548,33919
Dev-Test-PR-Build-parallel,Dev-Test-PR-Build-parallel #1873,1873,1873,1642572360518,SUCCESS,34548,33371
Dev-Test-PR-Build-parallel,Dev-Test-PR-Build-parallel #1872,1872,1872,1642565524540,SUCCESS,34548,33534
Dev-Test-PR-Build-parallel,Dev-Test-PR-Build-parallel #1871,1871,1871,1642564445426,SUCCESS,34548,45053
Dev-Test-PR-Build-parallel,Dev-Test-PR-Build-parallel #1870,1870,1870,1642563062200,SUCCESS,34548,44010
Dev-Test-PR-Build-parallel,Dev-Test-PR-Build-parallel #1869,1869,1869,1642509357923,SUCCESS,34548,34805
Dev-Test-PR-Build-parallel,Dev-Test-PR-Build-parallel #1868,1868,1868,1642505572677,SUCCESS,34548,33551
Dev-Test-PR-Build-parallel,Dev-Test-PR-Build-parallel #1867,1867,1867,1642501782522,SUCCESS,34548,33360
Dev-Test-PR-Build-parallel,Dev-Test-PR-Build-parallel #1866,1866,1866,1642500692480,SUCCESS,34548,33968
Dev-Test-PR-Build-parallel,Dev-Test-PR-Build-parallel #1865,1865,1865,1642492027180,SUCCESS,34548,34270
Dev-Test_PR-oes-api,Dev-Test_PR-oes-api #789,789,789,1642592100049,SUCCESS,73703,57871
Dev-Test_PR-oes-api,Dev-Test_PR-oes-api #788,788,788,1642586168175,SUCCESS,73703,91662
Dev-Test_PR-oes-api,Dev-Test_PR-oes-api #787,787,787,1642585068131,SUCCESS,73703,71575
Dev-Test_PR-oes-api,Dev-Test_PR-oes-api #786,786,786,1642584848123,SUCCESS,73703,51890
Dev-Test_PR-oes-api,Dev-Test_PR-oes-api #785,785,785,1642583018070,SUCCESS,73703,74991
Dev-Test_PR-oes-api,Dev-Test_PR-oes-api #784,784,784,1642581378018,SUCCESS,73703,53657
Dev-Test_PR-oes-api,Dev-Test_PR-oes-api #783,783,783,1642574937814,SUCCESS,73703,57146
Dev-Test_PR-oes-api,Dev-Test_PR-oes-api #782,782,782,1642571169822,SUCCESS,73703,141604
Dev-Test_PR-oes-api,Dev-Test_PR-oes-api #781,781,781,1642565209531,SUCCESS,73703,90615
Dev-Test_PR-oes-api,Dev-Test_PR-oes-api #780,780,780,1642563802224,SUCCESS,73703,53193
Dev-Test_PR-oes-api,Dev-Test_PR-oes-api #779,779,779,1642501482513,SUCCESS,73703,63608
Dev-Test_PR-oes-api,Dev-Test_PR-oes-api #778,778,778,1642500392470,SUCCESS,73703,68891
Dev-Test_PR-oes-api,Dev-Test_PR-oes-api #777,777,777,1642490679085,SUCCESS,73703,138247
Dev-Test_PR-oes-api,Dev-Test_PR-oes-api #776,776,776,1642490335696,SUCCESS,73703,55757
Dev-Test_PR-oes-api,Dev-Test_PR-oes-api #775,775,775,1642419851778,SUCCESS,73703,185905
Dev-Test_PR-oes-api,Dev-Test_PR-oes-api #774,774,774,1642082749416,SUCCESS,73703,134821
Dev-Test_PR-oes-api,Dev-Test_PR-oes-api #773,773,773,1642060706899,SUCCESS,73703,56508
Dev-Test_PR-oes-ui,Dev-Test_PR-oes-ui #2826,2826,2826,1642596290170,SUCCESS,185373,95453
Dev-Test_PR-oes-ui,Dev-Test_PR-oes-ui #2825,2825,2825,1642595520148,SUCCESS,185373,363529
Dev-Test_PR-oes-ui,Dev-Test_PR-oes-ui #2824,2824,2824,1642594045106,SUCCESS,185373,97136
Dev-Test_PR-oes-ui,Dev-Test_PR-oes-ui #2823,2823,2823,1642593425090,SUCCESS,185373,97480
Dev-Test_PR-oes-ui,Dev-Test_PR-oes-ui #2822,2822,2822,1642592355059,SUCCESS,185373,393220
Dev-Test_PR-oes-ui,Dev-Test_PR-oes-ui #2821,2821,2821,1642588608393,SUCCESS,185373,328532
Dev-Test_PR-oes-ui,Dev-Test_PR-oes-ui #2820,2820,2820,1642586728196,SUCCESS,185373,352274
Dev-Test_PR-oes-ui,Dev-Test_PR-oes-ui #2819,2819,2819,1642586273180,SUCCESS,185373,353853
Dev-Test_PR-oes-ui,Dev-Test_PR-oes-ui #2818,2818,2818,1642576577867,SUCCESS,185373,349682
Dev-Test_PR-oes-ui,Dev-Test_PR-oes-ui #2817,2817,2817,1642575827840,SUCCESS,185373,361236
Dev-Test_PR-oes-ui,Dev-Test_PR-oes-ui #2816,2816,2816,1642574947815,SUCCESS,185373,351797
Dev-Test_PR-oes-ui,Dev-Test_PR-oes-ui #2815,2815,2815,1642571154820,SUCCESS,185373,207020
Dev-Test_PR-oes-ui,Dev-Test_PR-oes-ui #2814,2814,2814,1642563912233,SUCCESS,185373,426235
Dev-Test_PR-oes-ui,Dev-Test_PR-oes-ui #2813,2813,2813,1642562117845,SUCCESS,185373,303321
Dev-Test_PR-oes-ui,Dev-Test_PR-oes-ui #2812,2812,2812,1642497872400,SUCCESS,185373,100059
Dev-Test_PR-oes-ui,Dev-Test_PR-oes-ui #2811,2811,2811,1642494837312,SUCCESS,185373,104828
Dev-Test_PR-oes-ui,Dev-Test_PR-oes-ui #2810,2810,2810,1642493427273,SUCCESS,185373,334640
Dev-Test_PR-oes-ui,Dev-Test_PR-oes-ui #2809,2809,2809,1642492442244,SUCCESS,185373,99290
Dev-Test_PR-oes-ui,Dev-Test_PR-oes-ui #2808,2808,2808,1642492069479,SUCCESS,185373,234327
Dev-Test_PR-oes-ui,Dev-Test_PR-oes-ui #2807,2807,2807,1642490695764,FAILURE,185373,3311
Dev-ui-master-build,Dev-ui-master-build #152,152,152,1642563982374,SUCCESS,511626,989494
Dev-ui-master-build,Dev-ui-master-build #151,151,151,1642509815485,SUCCESS,511626,544840
Dev-ui-master-build,Dev-ui-master-build #150,150,150,1642509749678,ABORTED,511626,28716
Dev-ui-master-build,Dev-ui-master-build #149,149,149,1642509698508,FAILURE,511626,544
Dev-ui-master-build,Dev-ui-master-build #148,148,148,1642509473007,FAILURE,511626,3133
Dev-ui-master-build,Dev-ui-master-build #147,147,147,1642477565266,ABORTED,511626,136536
Dev-ui-master-build,Dev-ui-master-build #146,146,146,1642391168724,FAILURE,511626,198227
Dev-ui-master-build,Dev-ui-master-build #145,145,145,1642131965976,SUCCESS,511626,407661
Dev-visibilityservice-build-branch,Dev-visibilityservice-build-branch #1746,1746,1746,1642588363629,SUCCESS,175899,175724
Dev-visibilityservice-build-branch,Dev-visibilityservice-build-branch #1745,1745,1745,1642501827581,SUCCESS,175899,188923
Dev-visibilityservice-build-branch,Dev-visibilityservice-build-branch #1744,1744,1744,1642421752399,ABORTED,175899,25475
Dev-visibilityservice-build-branch,Dev-visibilityservice-build-branch #1743,1743,1743,1642420687194,ABORTED,175899,12222
Dev-visibilityservice-build-branch,Dev-visibilityservice-build-branch #1742,1742,1742,1642415560927,ABORTED,175899,13456
Dev-visibilityservice-build-branch,Dev-visibilityservice-build-branch #1741,1741,1741,1642156331907,SUCCESS,175899,163050
Dev-visibilityservice-build-branch,Dev-visibilityservice-build-branch #1740,1740,1740,1642071793995,SUCCESS,175899,613655
Dev-visibilityservice-build-branch,Dev-visibilityservice-build-branch #1739,1739,1739,1642069828436,ABORTED,175899,382812
Dev-visibilityservice-build-branch-vault,Dev-visibilityservice-build-branch-vault #671,671,671,1642588608480,SUCCESS,169673,223590
Dev-visibilityservice-build-branch-vault,Dev-visibilityservice-build-branch-vault #670,670,670,1642571179823,SUCCESS,169673,142760
Dev-visibilityservice-build-branch-vault,Dev-visibilityservice-build-branch-vault #669,669,669,1642563912288,SUCCESS,169673,142668
Dev-visibilityservice-build-branch-vault,Dev-visibilityservice-build-branch-vault #668,668,668,1642562126749,SUCCESS,169673,1064934
Dev-visibilityservice-build-branch-vault,Dev-visibilityservice-build-branch-vault #667,667,667,1642505392671,SUCCESS,169673,64128
Dev-visibilityservice-build-branch-vault,Dev-visibilityservice-build-branch-vault #666,666,666,1642490807959,SUCCESS,169673,61128
Dev-visibilityservice-build-branch-vault,Dev-visibilityservice-build-branch-vault #665,665,665,1642490661336,SUCCESS,169673,146565
Dev-visibilityservice-build-branch-vault,Dev-visibilityservice-build-branch-vault #664,664,664,1642481325432,SUCCESS,169673,156904
Dev-visibilityservice-build-branch-vault,Dev-visibilityservice-build-branch-vault #663,663,663,1642477510175,SUCCESS,169673,139069
Dev-visibilityservice-build-branch-vault,Dev-visibilityservice-build-branch-vault #662,662,662,1642475710254,SUCCESS,169673,165869
Dev-visibilityservice-build-branch-vault,Dev-visibilityservice-build-branch-vault #661,661,661,1642417755670,SUCCESS,169673,215667
Dev-visibilityservice-build-branch-vault,Dev-visibilityservice-build-branch-vault #660,660,660,1642411000272,SUCCESS,169673,52957
Dev-visibilityservice-build-branch-vault,Dev-visibilityservice-build-branch-vault #659,659,659,1642391113682,SUCCESS,169673,651677
Dev-visibilityservice-build-branch-vault,Dev-visibilityservice-build-branch-vault #658,658,658,1642216508774,SUCCESS,169673,1054540
Dev-visibilityservice-build-branch-vault,Dev-visibilityservice-build-branch-vault #657,657,657,1642131910872,SUCCESS,169673,164161
Dev-visibilityservice-build-branch-vault,Dev-visibilityservice-build-branch-vault #656,656,656,1642130110806,SUCCESS,169673,750758
Dev-visibilityservice-build-branch-vault,Dev-visibilityservice-build-branch-vault #655,655,655,1642067087130,SUCCESS,169673,219922
Dev-visibilityservice-build-branch-vault,Dev-visibilityservice-build-branch-vault #654,654,654,1642055011698,SUCCESS,169673,729448
